ts,metric,gpu,hostname,value
1785848578.913,DCGM_FI_DEV_POWER_USAGE,0,gapu-2-worker0,124.937
1785848578.913,DCGM_FI_DEV_GPU_UTIL,0,gapu-2-worker0,57.0
1785848578.913,DCGM_FI_DEV_MEM_COPY_UTIL,0,gapu-2-worker0,21.0
1785848578.948,DCGM_FI_DEV_POWER_USAGE,0,gapu-2-worker1,110.029
1785848578.948,DCGM_FI_DEV_GPU_UTIL,0,gapu-2-worker1,95.0
1785848578.948,DCGM_FI_DEV_MEM_COPY_UTIL,0,gapu-2-worker1,20.0
1785848583.898,DCGM_FI_DEV_POWER_USAGE,0,gapu-2-worker0,124.937
1785848583.898,DCGM_FI_DEV_GPU_UTIL,0,gapu-2-worker0,57.0
1785848583.898,DCGM_FI_DEV_MEM_COPY_UTIL,0,gapu-2-worker0,21.0
1785848583.936,DCGM_FI_DEV_POWER_USAGE,0,gapu-2-worker1,110.029
1785848583.936,DCGM_FI_DEV_GPU_UTIL,0,gapu-2-worker1,95.0
1785848583.936,DCGM_FI_DEV_MEM_COPY_UTIL,0,gapu-2-worker1,20.0
1785848588.929,DCGM_FI_DEV_POWER_USAGE,0,gapu-2-worker0,124.937
1785848588.929,DCGM_FI_DEV_GPU_UTIL,0,gapu-2-worker0,57.0
1785848588.929,DCGM_FI_DEV_MEM_COPY_UTIL,0,gapu-2-worker0,21.0
1785848589.005,DCGM_FI_DEV_POWER_USAGE,0,gapu-2-worker1,110.029
1785848589.005,DCGM_FI_DEV_GPU_UTIL,0,gapu-2-worker1,95.0
1785848589.005,DCGM_FI_DEV_MEM_COPY_UTIL,0,gapu-2-worker1,20.0
1785848593.904,DCGM_FI_DEV_POWER_USAGE,0,gapu-2-worker0,124.937
1785848593.904,DCGM_FI_DEV_GPU_UTIL,0,gapu-2-worker0,57.0
1785848593.904,DCGM_FI_DEV_MEM_COPY_UTIL,0,gapu-2-worker0,21.0
1785848593.947,DCGM_FI_DEV_POWER_USAGE,0,gapu-2-worker1,110.029
1785848593.947,DCGM_FI_DEV_GPU_UTIL,0,gapu-2-worker1,95.0
1785848593.947,DCGM_FI_DEV_MEM_COPY_UTIL,0,gapu-2-worker1,20.0
1785848598.897,DCGM_FI_DEV_POWER_USAGE,0,gapu-2-worker0,129.099
1785848598.897,DCGM_FI_DEV_GPU_UTIL,0,gapu-2-worker0,89.0
1785848598.897,DCGM_FI_DEV_MEM_COPY_UTIL,0,gapu-2-worker0,61.0
1785848598.948,DCGM_FI_DEV_POWER_USAGE,0,gapu-2-worker1,110.916
1785848598.948,DCGM_FI_DEV_GPU_UTIL,0,gapu-2-worker1,92.0
1785848598.948,DCGM_FI_DEV_MEM_COPY_UTIL,0,gapu-2-worker1,29.0
1785848603.91,DCGM_FI_DEV_POWER_USAGE,0,gapu-2-worker0,129.099
1785848603.91,DCGM_FI_DEV_GPU_UTIL,0,gapu-2-worker0,89.0
1785848603.91,DCGM_FI_DEV_MEM_COPY_UTIL,0,gapu-2-worker0,61.0
1785848603.98,DCGM_FI_DEV_POWER_USAGE,0,gapu-2-worker1,110.916
1785848603.98,DCGM_FI_DEV_GPU_UTIL,0,gapu-2-worker1,92.0
1785848603.98,DCGM_FI_DEV_MEM_COPY_UTIL,0,gapu-2-worker1,29.0
1785848608.903,DCGM_FI_DEV_POWER_USAGE,0,gapu-2-worker0,129.099
1785848608.903,DCGM_FI_DEV_GPU_UTIL,0,gapu-2-worker0,89.0
1785848608.903,DCGM_FI_DEV_MEM_COPY_UTIL,0,gapu-2-worker0,61.0
1785848608.958,DCGM_FI_DEV_POWER_USAGE,0,gapu-2-worker1,110.916
1785848608.958,DCGM_FI_DEV_GPU_UTIL,0,gapu-2-worker1,92.0
1785848608.958,DCGM_FI_DEV_MEM_COPY_UTIL,0,gapu-2-worker1,29.0
1785848613.911,DCGM_FI_DEV_POWER_USAGE,0,gapu-2-worker0,129.099
1785848613.911,DCGM_FI_DEV_GPU_UTIL,0,gapu-2-worker0,89.0
1785848613.911,DCGM_FI_DEV_MEM_COPY_UTIL,0,gapu-2-worker0,61.0
1785848613.951,DCGM_FI_DEV_POWER_USAGE,0,gapu-2-worker1,110.916
1785848613.951,DCGM_FI_DEV_GPU_UTIL,0,gapu-2-worker1,92.0
1785848613.951,DCGM_FI_DEV_MEM_COPY_UTIL,0,gapu-2-worker1,29.0
1785848618.919,DCGM_FI_DEV_POWER_USAGE,0,gapu-2-worker0,129.099
1785848618.919,DCGM_FI_DEV_GPU_UTIL,0,gapu-2-worker0,89.0
1785848618.919,DCGM_FI_DEV_MEM_COPY_UTIL,0,gapu-2-worker0,61.0
1785848618.958,DCGM_FI_DEV_POWER_USAGE,0,gapu-2-worker1,110.916
1785848618.958,DCGM_FI_DEV_GPU_UTIL,0,gapu-2-worker1,92.0
1785848618.958,DCGM_FI_DEV_MEM_COPY_UTIL,0,gapu-2-worker1,29.0
1785848623.936,DCGM_FI_DEV_POWER_USAGE,0,gapu-2-worker0,129.099
1785848623.936,DCGM_FI_DEV_GPU_UTIL,0,gapu-2-worker0,89.0
1785848623.936,DCGM_FI_DEV_MEM_COPY_UTIL,0,gapu-2-worker0,61.0
1785848623.99,DCGM_FI_DEV_POWER_USAGE,0,gapu-2-worker1,110.916
1785848623.99,DCGM_FI_DEV_GPU_UTIL,0,gapu-2-worker1,92.0
1785848623.99,DCGM_FI_DEV_MEM_COPY_UTIL,0,gapu-2-worker1,29.0
1785848628.926,DCGM_FI_DEV_POWER_USAGE,0,gapu-2-worker0,123.786
1785848628.926,DCGM_FI_DEV_GPU_UTIL,0,gapu-2-worker0,93.0
1785848628.926,DCGM_FI_DEV_MEM_COPY_UTIL,0,gapu-2-worker0,44.0
1785848628.98,DCGM_FI_DEV_POWER_USAGE,0,gapu-2-worker1,110.513
1785848628.98,DCGM_FI_DEV_GPU_UTIL,0,gapu-2-worker1,97.0
1785848628.98,DCGM_FI_DEV_MEM_COPY_UTIL,0,gapu-2-worker1,47.0
1785848633.932,DCGM_FI_DEV_POWER_USAGE,0,gapu-2-worker0,123.786
1785848633.932,DCGM_FI_DEV_GPU_UTIL,0,gapu-2-worker0,93.0
1785848633.932,DCGM_FI_DEV_MEM_COPY_UTIL,0,gapu-2-worker0,44.0
1785848633.972,DCGM_FI_DEV_POWER_USAGE,0,gapu-2-worker1,110.513
1785848633.972,DCGM_FI_DEV_GPU_UTIL,0,gapu-2-worker1,97.0
1785848633.972,DCGM_FI_DEV_MEM_COPY_UTIL,0,gapu-2-worker1,47.0
1785848638.936,DCGM_FI_DEV_POWER_USAGE,0,gapu-2-worker0,123.786
1785848638.936,DCGM_FI_DEV_GPU_UTIL,0,gapu-2-worker0,93.0
1785848638.936,DCGM_FI_DEV_MEM_COPY_UTIL,0,gapu-2-worker0,44.0
1785848638.974,DCGM_FI_DEV_POWER_USAGE,0,gapu-2-worker1,110.513
1785848638.974,DCGM_FI_DEV_GPU_UTIL,0,gapu-2-worker1,97.0
1785848638.974,DCGM_FI_DEV_MEM_COPY_UTIL,0,gapu-2-worker1,47.0
1785848643.943,DCGM_FI_DEV_POWER_USAGE,0,gapu-2-worker0,123.786
1785848643.943,DCGM_FI_DEV_GPU_UTIL,0,gapu-2-worker0,93.0
1785848643.943,DCGM_FI_DEV_MEM_COPY_UTIL,0,gapu-2-worker0,44.0
1785848644.001,DCGM_FI_DEV_POWER_USAGE,0,gapu-2-worker1,110.513
1785848644.001,DCGM_FI_DEV_GPU_UTIL,0,gapu-2-worker1,97.0
1785848644.001,DCGM_FI_DEV_MEM_COPY_UTIL,0,gapu-2-worker1,47.0
1785848648.938,DCGM_FI_DEV_POWER_USAGE,0,gapu-2-worker0,123.786
1785848648.938,DCGM_FI_DEV_GPU_UTIL,0,gapu-2-worker0,93.0
1785848648.938,DCGM_FI_DEV_MEM_COPY_UTIL,0,gapu-2-worker0,44.0
1785848648.984,DCGM_FI_DEV_POWER_USAGE,0,gapu-2-worker1,110.513
1785848648.984,DCGM_FI_DEV_GPU_UTIL,0,gapu-2-worker1,97.0
1785848648.984,DCGM_FI_DEV_MEM_COPY_UTIL,0,gapu-2-worker1,47.0
1785848653.952,DCGM_FI_DEV_POWER_USAGE,0,gapu-2-worker0,123.786
1785848653.952,DCGM_FI_DEV_GPU_UTIL,0,gapu-2-worker0,93.0
1785848653.952,DCGM_FI_DEV_MEM_COPY_UTIL,0,gapu-2-worker0,44.0
1785848654.001,DCGM_FI_DEV_POWER_USAGE,0,gapu-2-worker1,110.513
1785848654.001,DCGM_FI_DEV_GPU_UTIL,0,gapu-2-worker1,97.0
1785848654.001,DCGM_FI_DEV_MEM_COPY_UTIL,0,gapu-2-worker1,47.0
1785848658.953,DCGM_FI_DEV_POWER_USAGE,0,gapu-2-worker0,123.649
1785848658.953,DCGM_FI_DEV_GPU_UTIL,0,gapu-2-worker0,50.0
1785848658.953,DCGM_FI_DEV_MEM_COPY_UTIL,0,gapu-2-worker0,27.0
1785848658.985,DCGM_FI_DEV_POWER_USAGE,0,gapu-2-worker1,112.036
1785848658.985,DCGM_FI_DEV_GPU_UTIL,0,gapu-2-worker1,92.0
1785848658.985,DCGM_FI_DEV_MEM_COPY_UTIL,0,gapu-2-worker1,53.0
1785848663.945,DCGM_FI_DEV_POWER_USAGE,0,gapu-2-worker0,123.649
1785848663.945,DCGM_FI_DEV_GPU_UTIL,0,gapu-2-worker0,50.0
1785848663.945,DCGM_FI_DEV_MEM_COPY_UTIL,0,gapu-2-worker0,27.0
1785848663.982,DCGM_FI_DEV_POWER_USAGE,0,gapu-2-worker1,112.036
1785848663.982,DCGM_FI_DEV_GPU_UTIL,0,gapu-2-worker1,92.0
1785848663.982,DCGM_FI_DEV_MEM_COPY_UTIL,0,gapu-2-worker1,53.0
1785848668.962,DCGM_FI_DEV_POWER_USAGE,0,gapu-2-worker0,123.649
1785848668.962,DCGM_FI_DEV_GPU_UTIL,0,gapu-2-worker0,50.0
1785848668.962,DCGM_FI_DEV_MEM_COPY_UTIL,0,gapu-2-worker0,27.0
1785848669.007,DCGM_FI_DEV_POWER_USAGE,0,gapu-2-worker1,112.036
1785848669.007,DCGM_FI_DEV_GPU_UTIL,0,gapu-2-worker1,92.0
1785848669.007,DCGM_FI_DEV_MEM_COPY_UTIL,0,gapu-2-worker1,53.0
1785848673.955,DCGM_FI_DEV_POWER_USAGE,0,gapu-2-worker0,123.649
1785848673.955,DCGM_FI_DEV_GPU_UTIL,0,gapu-2-worker0,50.0
1785848673.955,DCGM_FI_DEV_MEM_COPY_UTIL,0,gapu-2-worker0,27.0
1785848674.023,DCGM_FI_DEV_POWER_USAGE,0,gapu-2-worker1,112.036
1785848674.023,DCGM_FI_DEV_GPU_UTIL,0,gapu-2-worker1,92.0
1785848674.023,DCGM_FI_DEV_MEM_COPY_UTIL,0,gapu-2-worker1,53.0
1785848678.964,DCGM_FI_DEV_POWER_USAGE,0,gapu-2-worker0,123.649
1785848678.964,DCGM_FI_DEV_GPU_UTIL,0,gapu-2-worker0,50.0
1785848678.964,DCGM_FI_DEV_MEM_COPY_UTIL,0,gapu-2-worker0,27.0
1785848679.001,DCGM_FI_DEV_POWER_USAGE,0,gapu-2-worker1,112.036
1785848679.001,DCGM_FI_DEV_GPU_UTIL,0,gapu-2-worker1,92.0
1785848679.001,DCGM_FI_DEV_MEM_COPY_UTIL,0,gapu-2-worker1,53.0
1785848683.963,DCGM_FI_DEV_POWER_USAGE,0,gapu-2-worker0,123.649
1785848683.963,DCGM_FI_DEV_GPU_UTIL,0,gapu-2-worker0,50.0
1785848683.963,DCGM_FI_DEV_MEM_COPY_UTIL,0,gapu-2-worker0,27.0
1785848684.005,DCGM_FI_DEV_POWER_USAGE,0,gapu-2-worker1,112.036
1785848684.005,DCGM_FI_DEV_GPU_UTIL,0,gapu-2-worker1,92.0
1785848684.005,DCGM_FI_DEV_MEM_COPY_UTIL,0,gapu-2-worker1,53.0
1785848688.978,DCGM_FI_DEV_POWER_USAGE,0,gapu-2-worker0,116.466
1785848688.978,DCGM_FI_DEV_GPU_UTIL,0,gapu-2-worker0,90.0
1785848688.978,DCGM_FI_DEV_MEM_COPY_UTIL,0,gapu-2-worker0,36.0
1785848689.037,DCGM_FI_DEV_POWER_USAGE,0,gapu-2-worker1,118.492
1785848689.037,DCGM_FI_DEV_GPU_UTIL,0,gapu-2-worker1,91.0
1785848689.037,DCGM_FI_DEV_MEM_COPY_UTIL,0,gapu-2-worker1,63.0
1785848693.99,DCGM_FI_DEV_POWER_USAGE,0,gapu-2-worker0,116.466
1785848693.99,DCGM_FI_DEV_GPU_UTIL,0,gapu-2-worker0,90.0
1785848693.99,DCGM_FI_DEV_MEM_COPY_UTIL,0,gapu-2-worker0,36.0
1785848694.034,DCGM_FI_DEV_POWER_USAGE,0,gapu-2-worker1,118.492
1785848694.034,DCGM_FI_DEV_GPU_UTIL,0,gapu-2-worker1,91.0
1785848694.034,DCGM_FI_DEV_MEM_COPY_UTIL,0,gapu-2-worker1,63.0
1785848698.975,DCGM_FI_DEV_POWER_USAGE,0,gapu-2-worker0,116.466
1785848698.975,DCGM_FI_DEV_GPU_UTIL,0,gapu-2-worker0,90.0
1785848698.975,DCGM_FI_DEV_MEM_COPY_UTIL,0,gapu-2-worker0,36.0
1785848699.026,DCGM_FI_DEV_POWER_USAGE,0,gapu-2-worker1,118.492
1785848699.026,DCGM_FI_DEV_GPU_UTIL,0,gapu-2-worker1,91.0
1785848699.026,DCGM_FI_DEV_MEM_COPY_UTIL,0,gapu-2-worker1,63.0
1785848703.993,DCGM_FI_DEV_POWER_USAGE,0,gapu-2-worker0,116.466
1785848703.993,DCGM_FI_DEV_GPU_UTIL,0,gapu-2-worker0,90.0
1785848703.993,DCGM_FI_DEV_MEM_COPY_UTIL,0,gapu-2-worker0,36.0
1785848704.041,DCGM_FI_DEV_POWER_USAGE,0,gapu-2-worker1,118.492
1785848704.041,DCGM_FI_DEV_GPU_UTIL,0,gapu-2-worker1,91.0
1785848704.041,DCGM_FI_DEV_MEM_COPY_UTIL,0,gapu-2-worker1,63.0
1785848708.987,DCGM_FI_DEV_POWER_USAGE,0,gapu-2-worker0,116.466
1785848708.987,DCGM_FI_DEV_GPU_UTIL,0,gapu-2-worker0,90.0
1785848708.987,DCGM_FI_DEV_MEM_COPY_UTIL,0,gapu-2-worker0,36.0
1785848709.029,DCGM_FI_DEV_POWER_USAGE,0,gapu-2-worker1,118.492
1785848709.029,DCGM_FI_DEV_GPU_UTIL,0,gapu-2-worker1,91.0
1785848709.029,DCGM_FI_DEV_MEM_COPY_UTIL,0,gapu-2-worker1,63.0
1785848713.976,DCGM_FI_DEV_POWER_USAGE,0,gapu-2-worker0,116.466
1785848713.976,DCGM_FI_DEV_GPU_UTIL,0,gapu-2-worker0,90.0
1785848713.976,DCGM_FI_DEV_MEM_COPY_UTIL,0,gapu-2-worker0,36.0
1785848714.04,DCGM_FI_DEV_POWER_USAGE,0,gapu-2-worker1,118.492
1785848714.04,DCGM_FI_DEV_GPU_UTIL,0,gapu-2-worker1,91.0
1785848714.04,DCGM_FI_DEV_MEM_COPY_UTIL,0,gapu-2-worker1,63.0
1785848718.993,DCGM_FI_DEV_POWER_USAGE,0,gapu-2-worker0,127.389
1785848718.993,DCGM_FI_DEV_GPU_UTIL,0,gapu-2-worker0,69.0
1785848718.993,DCGM_FI_DEV_MEM_COPY_UTIL,0,gapu-2-worker0,34.0
1785848719.043,DCGM_FI_DEV_POWER_USAGE,0,gapu-2-worker1,108.827
1785848719.043,DCGM_FI_DEV_GPU_UTIL,0,gapu-2-worker1,91.0
1785848719.043,DCGM_FI_DEV_MEM_COPY_UTIL,0,gapu-2-worker1,56.0
1785848723.995,DCGM_FI_DEV_POWER_USAGE,0,gapu-2-worker0,127.389
1785848723.995,DCGM_FI_DEV_GPU_UTIL,0,gapu-2-worker0,69.0
1785848723.995,DCGM_FI_DEV_MEM_COPY_UTIL,0,gapu-2-worker0,34.0
1785848724.046,DCGM_FI_DEV_POWER_USAGE,0,gapu-2-worker1,108.827
1785848724.046,DCGM_FI_DEV_GPU_UTIL,0,gapu-2-worker1,91.0
1785848724.046,DCGM_FI_DEV_MEM_COPY_UTIL,0,gapu-2-worker1,56.0
1785848729.007,DCGM_FI_DEV_POWER_USAGE,0,gapu-2-worker0,127.389
1785848729.007,DCGM_FI_DEV_GPU_UTIL,0,gapu-2-worker0,69.0
1785848729.007,DCGM_FI_DEV_MEM_COPY_UTIL,0,gapu-2-worker0,34.0
1785848729.076,DCGM_FI_DEV_POWER_USAGE,0,gapu-2-worker1,108.827
1785848729.076,DCGM_FI_DEV_GPU_UTIL,0,gapu-2-worker1,91.0
1785848729.076,DCGM_FI_DEV_MEM_COPY_UTIL,0,gapu-2-worker1,56.0
1785848733.999,DCGM_FI_DEV_POWER_USAGE,0,gapu-2-worker0,127.389
1785848733.999,DCGM_FI_DEV_GPU_UTIL,0,gapu-2-worker0,69.0
1785848733.999,DCGM_FI_DEV_MEM_COPY_UTIL,0,gapu-2-worker0,34.0
1785848734.058,DCGM_FI_DEV_POWER_USAGE,0,gapu-2-worker1,108.827
1785848734.058,DCGM_FI_DEV_GPU_UTIL,0,gapu-2-worker1,91.0
1785848734.058,DCGM_FI_DEV_MEM_COPY_UTIL,0,gapu-2-worker1,56.0
1785848739.0,DCGM_FI_DEV_POWER_USAGE,0,gapu-2-worker0,127.389
1785848739.0,DCGM_FI_DEV_GPU_UTIL,0,gapu-2-worker0,69.0
1785848739.0,DCGM_FI_DEV_MEM_COPY_UTIL,0,gapu-2-worker0,34.0
1785848739.056,DCGM_FI_DEV_POWER_USAGE,0,gapu-2-worker1,108.827
1785848739.056,DCGM_FI_DEV_GPU_UTIL,0,gapu-2-worker1,91.0
1785848739.056,DCGM_FI_DEV_MEM_COPY_UTIL,0,gapu-2-worker1,56.0
1785848744.004,DCGM_FI_DEV_POWER_USAGE,0,gapu-2-worker0,127.389
1785848744.004,DCGM_FI_DEV_GPU_UTIL,0,gapu-2-worker0,69.0
1785848744.004,DCGM_FI_DEV_MEM_COPY_UTIL,0,gapu-2-worker0,34.0
1785848744.063,DCGM_FI_DEV_POWER_USAGE,0,gapu-2-worker1,108.827
1785848744.063,DCGM_FI_DEV_GPU_UTIL,0,gapu-2-worker1,91.0
1785848744.063,DCGM_FI_DEV_MEM_COPY_UTIL,0,gapu-2-worker1,56.0
1785848749.002,DCGM_FI_DEV_POWER_USAGE,0,gapu-2-worker0,119.549
1785848749.002,DCGM_FI_DEV_GPU_UTIL,0,gapu-2-worker0,49.0
1785848749.002,DCGM_FI_DEV_MEM_COPY_UTIL,0,gapu-2-worker0,30.0
1785848749.045,DCGM_FI_DEV_POWER_USAGE,0,gapu-2-worker1,103.459
1785848749.045,DCGM_FI_DEV_GPU_UTIL,0,gapu-2-worker1,95.0
1785848749.045,DCGM_FI_DEV_MEM_COPY_UTIL,0,gapu-2-worker1,36.0
1785848754.033,DCGM_FI_DEV_POWER_USAGE,0,gapu-2-worker0,119.549
1785848754.033,DCGM_FI_DEV_GPU_UTIL,0,gapu-2-worker0,49.0
1785848754.033,DCGM_FI_DEV_MEM_COPY_UTIL,0,gapu-2-worker0,30.0
1785848754.151,DCGM_FI_DEV_POWER_USAGE,0,gapu-2-worker1,103.459
1785848754.151,DCGM_FI_DEV_GPU_UTIL,0,gapu-2-worker1,95.0
1785848754.151,DCGM_FI_DEV_MEM_COPY_UTIL,0,gapu-2-worker1,36.0
1785848759.012,DCGM_FI_DEV_POWER_USAGE,0,gapu-2-worker0,119.549
1785848759.012,DCGM_FI_DEV_GPU_UTIL,0,gapu-2-worker0,49.0
1785848759.012,DCGM_FI_DEV_MEM_COPY_UTIL,0,gapu-2-worker0,30.0
1785848759.057,DCGM_FI_DEV_POWER_USAGE,0,gapu-2-worker1,103.459
1785848759.057,DCGM_FI_DEV_GPU_UTIL,0,gapu-2-worker1,95.0
1785848759.057,DCGM_FI_DEV_MEM_COPY_UTIL,0,gapu-2-worker1,36.0
1785848764.033,DCGM_FI_DEV_POWER_USAGE,0,gapu-2-worker0,119.549
1785848764.033,DCGM_FI_DEV_GPU_UTIL,0,gapu-2-worker0,49.0
1785848764.033,DCGM_FI_DEV_MEM_COPY_UTIL,0,gapu-2-worker0,30.0
1785848764.078,DCGM_FI_DEV_POWER_USAGE,0,gapu-2-worker1,103.459
1785848764.078,DCGM_FI_DEV_GPU_UTIL,0,gapu-2-worker1,95.0
1785848764.078,DCGM_FI_DEV_MEM_COPY_UTIL,0,gapu-2-worker1,36.0
1785848769.038,DCGM_FI_DEV_POWER_USAGE,0,gapu-2-worker0,119.549
1785848769.038,DCGM_FI_DEV_GPU_UTIL,0,gapu-2-worker0,49.0
1785848769.038,DCGM_FI_DEV_MEM_COPY_UTIL,0,gapu-2-worker0,30.0
1785848769.11,DCGM_FI_DEV_POWER_USAGE,0,gapu-2-worker1,103.459
1785848769.11,DCGM_FI_DEV_GPU_UTIL,0,gapu-2-worker1,95.0
1785848769.11,DCGM_FI_DEV_MEM_COPY_UTIL,0,gapu-2-worker1,36.0
1785848774.024,DCGM_FI_DEV_POWER_USAGE,0,gapu-2-worker0,119.549
1785848774.024,DCGM_FI_DEV_GPU_UTIL,0,gapu-2-worker0,49.0
1785848774.024,DCGM_FI_DEV_MEM_COPY_UTIL,0,gapu-2-worker0,30.0
1785848774.074,DCGM_FI_DEV_POWER_USAGE,0,gapu-2-worker1,103.459
1785848774.074,DCGM_FI_DEV_GPU_UTIL,0,gapu-2-worker1,95.0
1785848774.074,DCGM_FI_DEV_MEM_COPY_UTIL,0,gapu-2-worker1,36.0
1785848779.021,DCGM_FI_DEV_POWER_USAGE,0,gapu-2-worker0,113.616
1785848779.021,DCGM_FI_DEV_GPU_UTIL,0,gapu-2-worker0,100.0
1785848779.021,DCGM_FI_DEV_MEM_COPY_UTIL,0,gapu-2-worker0,51.0
1785848779.11,DCGM_FI_DEV_POWER_USAGE,0,gapu-2-worker1,108.417
1785848779.11,DCGM_FI_DEV_GPU_UTIL,0,gapu-2-worker1,94.0
1785848779.11,DCGM_FI_DEV_MEM_COPY_UTIL,0,gapu-2-worker1,47.0
1785848784.035,DCGM_FI_DEV_POWER_USAGE,0,gapu-2-worker0,113.616
1785848784.035,DCGM_FI_DEV_GPU_UTIL,0,gapu-2-worker0,100.0
1785848784.035,DCGM_FI_DEV_MEM_COPY_UTIL,0,gapu-2-worker0,51.0
1785848784.09,DCGM_FI_DEV_POWER_USAGE,0,gapu-2-worker1,108.417
1785848784.09,DCGM_FI_DEV_GPU_UTIL,0,gapu-2-worker1,94.0
1785848784.09,DCGM_FI_DEV_MEM_COPY_UTIL,0,gapu-2-worker1,47.0
1785848789.022,DCGM_FI_DEV_POWER_USAGE,0,gapu-2-worker0,113.616
1785848789.022,DCGM_FI_DEV_GPU_UTIL,0,gapu-2-worker0,100.0
1785848789.022,DCGM_FI_DEV_MEM_COPY_UTIL,0,gapu-2-worker0,51.0
1785848789.082,DCGM_FI_DEV_POWER_USAGE,0,gapu-2-worker1,108.417
1785848789.082,DCGM_FI_DEV_GPU_UTIL,0,gapu-2-worker1,94.0
1785848789.082,DCGM_FI_DEV_MEM_COPY_UTIL,0,gapu-2-worker1,47.0
1785848794.03,DCGM_FI_DEV_POWER_USAGE,0,gapu-2-worker0,113.616
1785848794.03,DCGM_FI_DEV_GPU_UTIL,0,gapu-2-worker0,100.0
1785848794.03,DCGM_FI_DEV_MEM_COPY_UTIL,0,gapu-2-worker0,51.0
1785848794.075,DCGM_FI_DEV_POWER_USAGE,0,gapu-2-worker1,108.417
1785848794.075,DCGM_FI_DEV_GPU_UTIL,0,gapu-2-worker1,94.0
1785848794.075,DCGM_FI_DEV_MEM_COPY_UTIL,0,gapu-2-worker1,47.0
1785848799.033,DCGM_FI_DEV_POWER_USAGE,0,gapu-2-worker0,113.616
1785848799.033,DCGM_FI_DEV_GPU_UTIL,0,gapu-2-worker0,100.0
1785848799.033,DCGM_FI_DEV_MEM_COPY_UTIL,0,gapu-2-worker0,51.0
1785848799.074,DCGM_FI_DEV_POWER_USAGE,0,gapu-2-worker1,108.417
1785848799.074,DCGM_FI_DEV_GPU_UTIL,0,gapu-2-worker1,94.0
1785848799.074,DCGM_FI_DEV_MEM_COPY_UTIL,0,gapu-2-worker1,47.0
1785848804.067,DCGM_FI_DEV_POWER_USAGE,0,gapu-2-worker0,113.616
1785848804.067,DCGM_FI_DEV_GPU_UTIL,0,gapu-2-worker0,100.0
1785848804.067,DCGM_FI_DEV_MEM_COPY_UTIL,0,gapu-2-worker0,51.0
1785848804.107,DCGM_FI_DEV_POWER_USAGE,0,gapu-2-worker1,108.417
1785848804.107,DCGM_FI_DEV_GPU_UTIL,0,gapu-2-worker1,94.0
1785848804.107,DCGM_FI_DEV_MEM_COPY_UTIL,0,gapu-2-worker1,47.0
1785848809.035,DCGM_FI_DEV_POWER_USAGE,0,gapu-2-worker0,115.713
1785848809.035,DCGM_FI_DEV_GPU_UTIL,0,gapu-2-worker0,86.0
1785848809.035,DCGM_FI_DEV_MEM_COPY_UTIL,0,gapu-2-worker0,46.0
1785848809.077,DCGM_FI_DEV_POWER_USAGE,0,gapu-2-worker1,106.853
1785848809.077,DCGM_FI_DEV_GPU_UTIL,0,gapu-2-worker1,96.0
1785848809.077,DCGM_FI_DEV_MEM_COPY_UTIL,0,gapu-2-worker1,24.0
1785848814.073,DCGM_FI_DEV_POWER_USAGE,0,gapu-2-worker0,115.713
1785848814.073,DCGM_FI_DEV_GPU_UTIL,0,gapu-2-worker0,86.0
1785848814.073,DCGM_FI_DEV_MEM_COPY_UTIL,0,gapu-2-worker0,46.0
1785848814.13,DCGM_FI_DEV_POWER_USAGE,0,gapu-2-worker1,106.853
1785848814.13,DCGM_FI_DEV_GPU_UTIL,0,gapu-2-worker1,96.0
1785848814.13,DCGM_FI_DEV_MEM_COPY_UTIL,0,gapu-2-worker1,24.0
1785848819.035,DCGM_FI_DEV_POWER_USAGE,0,gapu-2-worker0,115.713
1785848819.035,DCGM_FI_DEV_GPU_UTIL,0,gapu-2-worker0,86.0
1785848819.035,DCGM_FI_DEV_MEM_COPY_UTIL,0,gapu-2-worker0,46.0
1785848819.072,DCGM_FI_DEV_POWER_USAGE,0,gapu-2-worker1,106.853
1785848819.072,DCGM_FI_DEV_GPU_UTIL,0,gapu-2-worker1,96.0
1785848819.072,DCGM_FI_DEV_MEM_COPY_UTIL,0,gapu-2-worker1,24.0
1785848824.074,DCGM_FI_DEV_POWER_USAGE,0,gapu-2-worker0,115.713
1785848824.074,DCGM_FI_DEV_GPU_UTIL,0,gapu-2-worker0,86.0
1785848824.074,DCGM_FI_DEV_MEM_COPY_UTIL,0,gapu-2-worker0,46.0
1785848824.112,DCGM_FI_DEV_POWER_USAGE,0,gapu-2-worker1,106.853
1785848824.112,DCGM_FI_DEV_GPU_UTIL,0,gapu-2-worker1,96.0
1785848824.112,DCGM_FI_DEV_MEM_COPY_UTIL,0,gapu-2-worker1,24.0
1785848829.05,DCGM_FI_DEV_POWER_USAGE,0,gapu-2-worker0,115.713
1785848829.05,DCGM_FI_DEV_GPU_UTIL,0,gapu-2-worker0,86.0
1785848829.05,DCGM_FI_DEV_MEM_COPY_UTIL,0,gapu-2-worker0,46.0
1785848829.09,DCGM_FI_DEV_POWER_USAGE,0,gapu-2-worker1,106.853
1785848829.09,DCGM_FI_DEV_GPU_UTIL,0,gapu-2-worker1,96.0
1785848829.09,DCGM_FI_DEV_MEM_COPY_UTIL,0,gapu-2-worker1,24.0
1785848834.065,DCGM_FI_DEV_POWER_USAGE,0,gapu-2-worker0,115.713
1785848834.065,DCGM_FI_DEV_GPU_UTIL,0,gapu-2-worker0,86.0
1785848834.065,DCGM_FI_DEV_MEM_COPY_UTIL,0,gapu-2-worker0,46.0
1785848834.13,DCGM_FI_DEV_POWER_USAGE,0,gapu-2-worker1,106.853
1785848834.13,DCGM_FI_DEV_GPU_UTIL,0,gapu-2-worker1,96.0
1785848834.13,DCGM_FI_DEV_MEM_COPY_UTIL,0,gapu-2-worker1,24.0
1785848839.067,DCGM_FI_DEV_POWER_USAGE,0,gapu-2-worker0,115.749
1785848839.067,DCGM_FI_DEV_GPU_UTIL,0,gapu-2-worker0,48.0
1785848839.067,DCGM_FI_DEV_MEM_COPY_UTIL,0,gapu-2-worker0,31.0
1785848839.122,DCGM_FI_DEV_POWER_USAGE,0,gapu-2-worker1,116.293
1785848839.122,DCGM_FI_DEV_GPU_UTIL,0,gapu-2-worker1,91.0
1785848839.122,DCGM_FI_DEV_MEM_COPY_UTIL,0,gapu-2-worker1,60.0
1785848844.091,DCGM_FI_DEV_POWER_USAGE,0,gapu-2-worker0,115.749
1785848844.091,DCGM_FI_DEV_GPU_UTIL,0,gapu-2-worker0,48.0
1785848844.091,DCGM_FI_DEV_MEM_COPY_UTIL,0,gapu-2-worker0,31.0
1785848844.136,DCGM_FI_DEV_POWER_USAGE,0,gapu-2-worker1,116.293
1785848844.136,DCGM_FI_DEV_GPU_UTIL,0,gapu-2-worker1,91.0
1785848844.136,DCGM_FI_DEV_MEM_COPY_UTIL,0,gapu-2-worker1,60.0
1785848849.093,DCGM_FI_DEV_POWER_USAGE,0,gapu-2-worker0,115.749
1785848849.093,DCGM_FI_DEV_GPU_UTIL,0,gapu-2-worker0,48.0
1785848849.093,DCGM_FI_DEV_MEM_COPY_UTIL,0,gapu-2-worker0,31.0
1785848849.132,DCGM_FI_DEV_POWER_USAGE,0,gapu-2-worker1,116.293
1785848849.132,DCGM_FI_DEV_GPU_UTIL,0,gapu-2-worker1,91.0
1785848849.132,DCGM_FI_DEV_MEM_COPY_UTIL,0,gapu-2-worker1,60.0
1785848854.104,DCGM_FI_DEV_POWER_USAGE,0,gapu-2-worker0,115.749
1785848854.104,DCGM_FI_DEV_GPU_UTIL,0,gapu-2-worker0,48.0
1785848854.104,DCGM_FI_DEV_MEM_COPY_UTIL,0,gapu-2-worker0,31.0
1785848854.142,DCGM_FI_DEV_POWER_USAGE,0,gapu-2-worker1,116.293
1785848854.142,DCGM_FI_DEV_GPU_UTIL,0,gapu-2-worker1,91.0
1785848854.142,DCGM_FI_DEV_MEM_COPY_UTIL,0,gapu-2-worker1,60.0
1785848859.101,DCGM_FI_DEV_POWER_USAGE,0,gapu-2-worker0,115.749
1785848859.101,DCGM_FI_DEV_GPU_UTIL,0,gapu-2-worker0,48.0
1785848859.101,DCGM_FI_DEV_MEM_COPY_UTIL,0,gapu-2-worker0,31.0
1785848859.148,DCGM_FI_DEV_POWER_USAGE,0,gapu-2-worker1,116.293
1785848859.148,DCGM_FI_DEV_GPU_UTIL,0,gapu-2-worker1,91.0
1785848859.148,DCGM_FI_DEV_MEM_COPY_UTIL,0,gapu-2-worker1,60.0
1785848864.096,DCGM_FI_DEV_POWER_USAGE,0,gapu-2-worker0,115.749
1785848864.096,DCGM_FI_DEV_GPU_UTIL,0,gapu-2-worker0,48.0
1785848864.096,DCGM_FI_DEV_MEM_COPY_UTIL,0,gapu-2-worker0,31.0
1785848864.136,DCGM_FI_DEV_POWER_USAGE,0,gapu-2-worker1,116.293
1785848864.136,DCGM_FI_DEV_GPU_UTIL,0,gapu-2-worker1,91.0
1785848864.136,DCGM_FI_DEV_MEM_COPY_UTIL,0,gapu-2-worker1,60.0
1785848869.087,DCGM_FI_DEV_POWER_USAGE,0,gapu-2-worker0,127.192
1785848869.087,DCGM_FI_DEV_GPU_UTIL,0,gapu-2-worker0,83.0
1785848869.087,DCGM_FI_DEV_MEM_COPY_UTIL,0,gapu-2-worker0,53.0
1785848869.138,DCGM_FI_DEV_POWER_USAGE,0,gapu-2-worker1,105.851
1785848869.138,DCGM_FI_DEV_GPU_UTIL,0,gapu-2-worker1,92.0
1785848869.138,DCGM_FI_DEV_MEM_COPY_UTIL,0,gapu-2-worker1,45.0
1785848874.092,DCGM_FI_DEV_POWER_USAGE,0,gapu-2-worker0,127.192
1785848874.092,DCGM_FI_DEV_GPU_UTIL,0,gapu-2-worker0,83.0
1785848874.092,DCGM_FI_DEV_MEM_COPY_UTIL,0,gapu-2-worker0,53.0
1785848874.145,DCGM_FI_DEV_POWER_USAGE,0,gapu-2-worker1,105.851
1785848874.145,DCGM_FI_DEV_GPU_UTIL,0,gapu-2-worker1,92.0
1785848874.145,DCGM_FI_DEV_MEM_COPY_UTIL,0,gapu-2-worker1,45.0
1785848879.096,DCGM_FI_DEV_POWER_USAGE,0,gapu-2-worker0,127.192
1785848879.096,DCGM_FI_DEV_GPU_UTIL,0,gapu-2-worker0,83.0
1785848879.096,DCGM_FI_DEV_MEM_COPY_UTIL,0,gapu-2-worker0,53.0
1785848879.16,DCGM_FI_DEV_POWER_USAGE,0,gapu-2-worker1,105.851
1785848879.16,DCGM_FI_DEV_GPU_UTIL,0,gapu-2-worker1,92.0
1785848879.16,DCGM_FI_DEV_MEM_COPY_UTIL,0,gapu-2-worker1,45.0
1785848884.117,DCGM_FI_DEV_POWER_USAGE,0,gapu-2-worker0,127.192
1785848884.117,DCGM_FI_DEV_GPU_UTIL,0,gapu-2-worker0,83.0
1785848884.117,DCGM_FI_DEV_MEM_COPY_UTIL,0,gapu-2-worker0,53.0
1785848884.168,DCGM_FI_DEV_POWER_USAGE,0,gapu-2-worker1,105.851
1785848884.168,DCGM_FI_DEV_GPU_UTIL,0,gapu-2-worker1,92.0
1785848884.168,DCGM_FI_DEV_MEM_COPY_UTIL,0,gapu-2-worker1,45.0
1785848889.13,DCGM_FI_DEV_POWER_USAGE,0,gapu-2-worker0,127.192
1785848889.13,DCGM_FI_DEV_GPU_UTIL,0,gapu-2-worker0,83.0
1785848889.13,DCGM_FI_DEV_MEM_COPY_UTIL,0,gapu-2-worker0,53.0
1785848889.174,DCGM_FI_DEV_POWER_USAGE,0,gapu-2-worker1,105.851
1785848889.174,DCGM_FI_DEV_GPU_UTIL,0,gapu-2-worker1,92.0
1785848889.174,DCGM_FI_DEV_MEM_COPY_UTIL,0,gapu-2-worker1,45.0
1785848894.117,DCGM_FI_DEV_POWER_USAGE,0,gapu-2-worker0,127.192
1785848894.117,DCGM_FI_DEV_GPU_UTIL,0,gapu-2-worker0,83.0
1785848894.117,DCGM_FI_DEV_MEM_COPY_UTIL,0,gapu-2-worker0,53.0
1785848894.183,DCGM_FI_DEV_POWER_USAGE,0,gapu-2-worker1,105.851
1785848894.183,DCGM_FI_DEV_GPU_UTIL,0,gapu-2-worker1,92.0
1785848894.183,DCGM_FI_DEV_MEM_COPY_UTIL,0,gapu-2-worker1,45.0
1785848899.101,DCGM_FI_DEV_POWER_USAGE,0,gapu-2-worker0,104.098
1785848899.101,DCGM_FI_DEV_GPU_UTIL,0,gapu-2-worker0,27.0
1785848899.101,DCGM_FI_DEV_MEM_COPY_UTIL,0,gapu-2-worker0,0.0
1785848899.149,DCGM_FI_DEV_POWER_USAGE,0,gapu-2-worker1,110.056
1785848899.149,DCGM_FI_DEV_GPU_UTIL,0,gapu-2-worker1,93.0
1785848899.149,DCGM_FI_DEV_MEM_COPY_UTIL,0,gapu-2-worker1,49.0
1785848904.109,DCGM_FI_DEV_POWER_USAGE,0,gapu-2-worker0,104.098
1785848904.109,DCGM_FI_DEV_GPU_UTIL,0,gapu-2-worker0,27.0
1785848904.109,DCGM_FI_DEV_MEM_COPY_UTIL,0,gapu-2-worker0,0.0
1785848904.165,DCGM_FI_DEV_POWER_USAGE,0,gapu-2-worker1,110.056
1785848904.165,DCGM_FI_DEV_GPU_UTIL,0,gapu-2-worker1,93.0
1785848904.165,DCGM_FI_DEV_MEM_COPY_UTIL,0,gapu-2-worker1,49.0
1785848909.113,DCGM_FI_DEV_POWER_USAGE,0,gapu-2-worker0,104.098
1785848909.113,DCGM_FI_DEV_GPU_UTIL,0,gapu-2-worker0,27.0
1785848909.113,DCGM_FI_DEV_MEM_COPY_UTIL,0,gapu-2-worker0,0.0
1785848909.158,DCGM_FI_DEV_POWER_USAGE,0,gapu-2-worker1,110.056
1785848909.158,DCGM_FI_DEV_GPU_UTIL,0,gapu-2-worker1,93.0
1785848909.158,DCGM_FI_DEV_MEM_COPY_UTIL,0,gapu-2-worker1,49.0
1785848914.125,DCGM_FI_DEV_POWER_USAGE,0,gapu-2-worker0,104.098
1785848914.125,DCGM_FI_DEV_GPU_UTIL,0,gapu-2-worker0,27.0
1785848914.125,DCGM_FI_DEV_MEM_COPY_UTIL,0,gapu-2-worker0,0.0
1785848914.169,DCGM_FI_DEV_POWER_USAGE,0,gapu-2-worker1,110.056
1785848914.169,DCGM_FI_DEV_GPU_UTIL,0,gapu-2-worker1,93.0
1785848914.169,DCGM_FI_DEV_MEM_COPY_UTIL,0,gapu-2-worker1,49.0
1785848919.14,DCGM_FI_DEV_POWER_USAGE,0,gapu-2-worker0,104.098
1785848919.14,DCGM_FI_DEV_GPU_UTIL,0,gapu-2-worker0,27.0
1785848919.14,DCGM_FI_DEV_MEM_COPY_UTIL,0,gapu-2-worker0,0.0
1785848919.202,DCGM_FI_DEV_POWER_USAGE,0,gapu-2-worker1,110.056
1785848919.202,DCGM_FI_DEV_GPU_UTIL,0,gapu-2-worker1,93.0
1785848919.202,DCGM_FI_DEV_MEM_COPY_UTIL,0,gapu-2-worker1,49.0
1785848924.157,DCGM_FI_DEV_POWER_USAGE,0,gapu-2-worker0,104.098
1785848924.157,DCGM_FI_DEV_GPU_UTIL,0,gapu-2-worker0,27.0
1785848924.157,DCGM_FI_DEV_MEM_COPY_UTIL,0,gapu-2-worker0,0.0
1785848924.198,DCGM_FI_DEV_POWER_USAGE,0,gapu-2-worker1,110.056
1785848924.198,DCGM_FI_DEV_GPU_UTIL,0,gapu-2-worker1,93.0
1785848924.198,DCGM_FI_DEV_MEM_COPY_UTIL,0,gapu-2-worker1,49.0
1785848929.153,DCGM_FI_DEV_POWER_USAGE,0,gapu-2-worker0,125.63
1785848929.153,DCGM_FI_DEV_GPU_UTIL,0,gapu-2-worker0,100.0
1785848929.153,DCGM_FI_DEV_MEM_COPY_UTIL,0,gapu-2-worker0,43.0
1785848929.217,DCGM_FI_DEV_POWER_USAGE,0,gapu-2-worker1,104.336
1785848929.217,DCGM_FI_DEV_GPU_UTIL,0,gapu-2-worker1,93.0
1785848929.217,DCGM_FI_DEV_MEM_COPY_UTIL,0,gapu-2-worker1,25.0
1785848934.139,DCGM_FI_DEV_POWER_USAGE,0,gapu-2-worker0,125.63
1785848934.139,DCGM_FI_DEV_GPU_UTIL,0,gapu-2-worker0,100.0
1785848934.139,DCGM_FI_DEV_MEM_COPY_UTIL,0,gapu-2-worker0,43.0
1785848934.178,DCGM_FI_DEV_POWER_USAGE,0,gapu-2-worker1,104.336
1785848934.178,DCGM_FI_DEV_GPU_UTIL,0,gapu-2-worker1,93.0
1785848934.178,DCGM_FI_DEV_MEM_COPY_UTIL,0,gapu-2-worker1,25.0
1785848939.152,DCGM_FI_DEV_POWER_USAGE,0,gapu-2-worker0,125.63
1785848939.152,DCGM_FI_DEV_GPU_UTIL,0,gapu-2-worker0,100.0
1785848939.152,DCGM_FI_DEV_MEM_COPY_UTIL,0,gapu-2-worker0,43.0
1785848939.2,DCGM_FI_DEV_POWER_USAGE,0,gapu-2-worker1,104.336
1785848939.2,DCGM_FI_DEV_GPU_UTIL,0,gapu-2-worker1,93.0
1785848939.2,DCGM_FI_DEV_MEM_COPY_UTIL,0,gapu-2-worker1,25.0
1785848944.148,DCGM_FI_DEV_POWER_USAGE,0,gapu-2-worker0,125.63
1785848944.148,DCGM_FI_DEV_GPU_UTIL,0,gapu-2-worker0,100.0
1785848944.148,DCGM_FI_DEV_MEM_COPY_UTIL,0,gapu-2-worker0,43.0
1785848944.197,DCGM_FI_DEV_POWER_USAGE,0,gapu-2-worker1,104.336
1785848944.197,DCGM_FI_DEV_GPU_UTIL,0,gapu-2-worker1,93.0
1785848944.197,DCGM_FI_DEV_MEM_COPY_UTIL,0,gapu-2-worker1,25.0
1785848949.167,DCGM_FI_DEV_POWER_USAGE,0,gapu-2-worker0,125.63
1785848949.167,DCGM_FI_DEV_GPU_UTIL,0,gapu-2-worker0,100.0
1785848949.167,DCGM_FI_DEV_MEM_COPY_UTIL,0,gapu-2-worker0,43.0
1785848949.224,DCGM_FI_DEV_POWER_USAGE,0,gapu-2-worker1,104.336
1785848949.224,DCGM_FI_DEV_GPU_UTIL,0,gapu-2-worker1,93.0
1785848949.224,DCGM_FI_DEV_MEM_COPY_UTIL,0,gapu-2-worker1,25.0
1785848954.148,DCGM_FI_DEV_POWER_USAGE,0,gapu-2-worker0,125.63
1785848954.148,DCGM_FI_DEV_GPU_UTIL,0,gapu-2-worker0,100.0
1785848954.148,DCGM_FI_DEV_MEM_COPY_UTIL,0,gapu-2-worker0,43.0
1785848954.188,DCGM_FI_DEV_POWER_USAGE,0,gapu-2-worker1,104.336
1785848954.188,DCGM_FI_DEV_GPU_UTIL,0,gapu-2-worker1,93.0
1785848954.188,DCGM_FI_DEV_MEM_COPY_UTIL,0,gapu-2-worker1,25.0
1785848959.188,DCGM_FI_DEV_POWER_USAGE,0,gapu-2-worker0,109.056
1785848959.188,DCGM_FI_DEV_GPU_UTIL,0,gapu-2-worker0,62.0
1785848959.188,DCGM_FI_DEV_MEM_COPY_UTIL,0,gapu-2-worker0,41.0
1785848959.24,DCGM_FI_DEV_POWER_USAGE,0,gapu-2-worker1,110.498
1785848959.24,DCGM_FI_DEV_GPU_UTIL,0,gapu-2-worker1,94.0
1785848959.24,DCGM_FI_DEV_MEM_COPY_UTIL,0,gapu-2-worker1,37.0
1785848964.165,DCGM_FI_DEV_POWER_USAGE,0,gapu-2-worker0,109.056
1785848964.165,DCGM_FI_DEV_GPU_UTIL,0,gapu-2-worker0,62.0
1785848964.165,DCGM_FI_DEV_MEM_COPY_UTIL,0,gapu-2-worker0,41.0
1785848964.219,DCGM_FI_DEV_POWER_USAGE,0,gapu-2-worker1,110.498
1785848964.219,DCGM_FI_DEV_GPU_UTIL,0,gapu-2-worker1,94.0
1785848964.219,DCGM_FI_DEV_MEM_COPY_UTIL,0,gapu-2-worker1,37.0
1785848969.17,DCGM_FI_DEV_POWER_USAGE,0,gapu-2-worker0,109.056
1785848969.17,DCGM_FI_DEV_GPU_UTIL,0,gapu-2-worker0,62.0
1785848969.17,DCGM_FI_DEV_MEM_COPY_UTIL,0,gapu-2-worker0,41.0
1785848969.211,DCGM_FI_DEV_POWER_USAGE,0,gapu-2-worker1,110.498
1785848969.211,DCGM_FI_DEV_GPU_UTIL,0,gapu-2-worker1,94.0
1785848969.211,DCGM_FI_DEV_MEM_COPY_UTIL,0,gapu-2-worker1,37.0
1785848974.195,DCGM_FI_DEV_POWER_USAGE,0,gapu-2-worker0,109.056
1785848974.195,DCGM_FI_DEV_GPU_UTIL,0,gapu-2-worker0,62.0
1785848974.195,DCGM_FI_DEV_MEM_COPY_UTIL,0,gapu-2-worker0,41.0
1785848974.254,DCGM_FI_DEV_POWER_USAGE,0,gapu-2-worker1,110.498
1785848974.254,DCGM_FI_DEV_GPU_UTIL,0,gapu-2-worker1,94.0
1785848974.254,DCGM_FI_DEV_MEM_COPY_UTIL,0,gapu-2-worker1,37.0
1785848979.17,DCGM_FI_DEV_POWER_USAGE,0,gapu-2-worker0,109.056
1785848979.17,DCGM_FI_DEV_GPU_UTIL,0,gapu-2-worker0,62.0
1785848979.17,DCGM_FI_DEV_MEM_COPY_UTIL,0,gapu-2-worker0,41.0
1785848979.218,DCGM_FI_DEV_POWER_USAGE,0,gapu-2-worker1,110.498
1785848979.218,DCGM_FI_DEV_GPU_UTIL,0,gapu-2-worker1,94.0
1785848979.218,DCGM_FI_DEV_MEM_COPY_UTIL,0,gapu-2-worker1,37.0
1785848984.188,DCGM_FI_DEV_POWER_USAGE,0,gapu-2-worker0,109.056
1785848984.188,DCGM_FI_DEV_GPU_UTIL,0,gapu-2-worker0,62.0
1785848984.188,DCGM_FI_DEV_MEM_COPY_UTIL,0,gapu-2-worker0,41.0
1785848984.223,DCGM_FI_DEV_POWER_USAGE,0,gapu-2-worker1,110.498
1785848984.223,DCGM_FI_DEV_GPU_UTIL,0,gapu-2-worker1,94.0
1785848984.223,DCGM_FI_DEV_MEM_COPY_UTIL,0,gapu-2-worker1,37.0
1785848989.189,DCGM_FI_DEV_POWER_USAGE,0,gapu-2-worker0,120.948
1785848989.189,DCGM_FI_DEV_GPU_UTIL,0,gapu-2-worker0,90.0
1785848989.189,DCGM_FI_DEV_MEM_COPY_UTIL,0,gapu-2-worker0,41.0
1785848989.222,DCGM_FI_DEV_POWER_USAGE,0,gapu-2-worker1,102.629
1785848989.222,DCGM_FI_DEV_GPU_UTIL,0,gapu-2-worker1,94.0
1785848989.222,DCGM_FI_DEV_MEM_COPY_UTIL,0,gapu-2-worker1,35.0
1785848994.198,DCGM_FI_DEV_POWER_USAGE,0,gapu-2-worker0,120.948
1785848994.198,DCGM_FI_DEV_GPU_UTIL,0,gapu-2-worker0,90.0
1785848994.198,DCGM_FI_DEV_MEM_COPY_UTIL,0,gapu-2-worker0,41.0
1785848994.236,DCGM_FI_DEV_POWER_USAGE,0,gapu-2-worker1,102.629
1785848994.236,DCGM_FI_DEV_GPU_UTIL,0,gapu-2-worker1,94.0
1785848994.236,DCGM_FI_DEV_MEM_COPY_UTIL,0,gapu-2-worker1,35.0
1785848999.177,DCGM_FI_DEV_POWER_USAGE,0,gapu-2-worker0,120.948
1785848999.177,DCGM_FI_DEV_GPU_UTIL,0,gapu-2-worker0,90.0
1785848999.177,DCGM_FI_DEV_MEM_COPY_UTIL,0,gapu-2-worker0,41.0
1785848999.226,DCGM_FI_DEV_POWER_USAGE,0,gapu-2-worker1,102.629
1785848999.226,DCGM_FI_DEV_GPU_UTIL,0,gapu-2-worker1,94.0
1785848999.226,DCGM_FI_DEV_MEM_COPY_UTIL,0,gapu-2-worker1,35.0
1785849004.188,DCGM_FI_DEV_POWER_USAGE,0,gapu-2-worker0,120.948
1785849004.188,DCGM_FI_DEV_GPU_UTIL,0,gapu-2-worker0,90.0
1785849004.188,DCGM_FI_DEV_MEM_COPY_UTIL,0,gapu-2-worker0,41.0
1785849004.248,DCGM_FI_DEV_POWER_USAGE,0,gapu-2-worker1,102.629
1785849004.248,DCGM_FI_DEV_GPU_UTIL,0,gapu-2-worker1,94.0
1785849004.248,DCGM_FI_DEV_MEM_COPY_UTIL,0,gapu-2-worker1,35.0
1785849009.189,DCGM_FI_DEV_POWER_USAGE,0,gapu-2-worker0,120.948
1785849009.189,DCGM_FI_DEV_GPU_UTIL,0,gapu-2-worker0,90.0
1785849009.189,DCGM_FI_DEV_MEM_COPY_UTIL,0,gapu-2-worker0,41.0
1785849009.243,DCGM_FI_DEV_POWER_USAGE,0,gapu-2-worker1,102.629
1785849009.243,DCGM_FI_DEV_GPU_UTIL,0,gapu-2-worker1,94.0
1785849009.243,DCGM_FI_DEV_MEM_COPY_UTIL,0,gapu-2-worker1,35.0
1785849014.208,DCGM_FI_DEV_POWER_USAGE,0,gapu-2-worker0,120.948
1785849014.208,DCGM_FI_DEV_GPU_UTIL,0,gapu-2-worker0,90.0
1785849014.208,DCGM_FI_DEV_MEM_COPY_UTIL,0,gapu-2-worker0,41.0
1785849014.27,DCGM_FI_DEV_POWER_USAGE,0,gapu-2-worker1,102.629
1785849014.27,DCGM_FI_DEV_GPU_UTIL,0,gapu-2-worker1,94.0
1785849014.27,DCGM_FI_DEV_MEM_COPY_UTIL,0,gapu-2-worker1,35.0
1785849019.197,DCGM_FI_DEV_POWER_USAGE,0,gapu-2-worker0,121.219
1785849019.197,DCGM_FI_DEV_GPU_UTIL,0,gapu-2-worker0,99.0
1785849019.197,DCGM_FI_DEV_MEM_COPY_UTIL,0,gapu-2-worker0,25.0
1785849019.253,DCGM_FI_DEV_POWER_USAGE,0,gapu-2-worker1,113.224
1785849019.253,DCGM_FI_DEV_GPU_UTIL,0,gapu-2-worker1,91.0
1785849019.253,DCGM_FI_DEV_MEM_COPY_UTIL,0,gapu-2-worker1,47.0
1785849024.187,DCGM_FI_DEV_POWER_USAGE,0,gapu-2-worker0,121.219
1785849024.187,DCGM_FI_DEV_GPU_UTIL,0,gapu-2-worker0,99.0
1785849024.187,DCGM_FI_DEV_MEM_COPY_UTIL,0,gapu-2-worker0,25.0
1785849024.222,DCGM_FI_DEV_POWER_USAGE,0,gapu-2-worker1,113.224
1785849024.222,DCGM_FI_DEV_GPU_UTIL,0,gapu-2-worker1,91.0
1785849024.222,DCGM_FI_DEV_MEM_COPY_UTIL,0,gapu-2-worker1,47.0
1785849029.181,DCGM_FI_DEV_POWER_USAGE,0,gapu-2-worker0,121.219
1785849029.181,DCGM_FI_DEV_GPU_UTIL,0,gapu-2-worker0,99.0
1785849029.181,DCGM_FI_DEV_MEM_COPY_UTIL,0,gapu-2-worker0,25.0
1785849029.221,DCGM_FI_DEV_POWER_USAGE,0,gapu-2-worker1,113.224
1785849029.221,DCGM_FI_DEV_GPU_UTIL,0,gapu-2-worker1,91.0
1785849029.221,DCGM_FI_DEV_MEM_COPY_UTIL,0,gapu-2-worker1,47.0
1785849034.189,DCGM_FI_DEV_POWER_USAGE,0,gapu-2-worker0,121.219
1785849034.189,DCGM_FI_DEV_GPU_UTIL,0,gapu-2-worker0,99.0
1785849034.189,DCGM_FI_DEV_MEM_COPY_UTIL,0,gapu-2-worker0,25.0
1785849034.224,DCGM_FI_DEV_POWER_USAGE,0,gapu-2-worker1,113.224
1785849034.224,DCGM_FI_DEV_GPU_UTIL,0,gapu-2-worker1,91.0
1785849034.224,DCGM_FI_DEV_MEM_COPY_UTIL,0,gapu-2-worker1,47.0
1785849039.203,DCGM_FI_DEV_POWER_USAGE,0,gapu-2-worker0,121.219
1785849039.203,DCGM_FI_DEV_GPU_UTIL,0,gapu-2-worker0,99.0
1785849039.203,DCGM_FI_DEV_MEM_COPY_UTIL,0,gapu-2-worker0,25.0
1785849039.246,DCGM_FI_DEV_POWER_USAGE,0,gapu-2-worker1,113.224
1785849039.246,DCGM_FI_DEV_GPU_UTIL,0,gapu-2-worker1,91.0
1785849039.246,DCGM_FI_DEV_MEM_COPY_UTIL,0,gapu-2-worker1,47.0
1785849044.225,DCGM_FI_DEV_POWER_USAGE,0,gapu-2-worker0,121.219
1785849044.225,DCGM_FI_DEV_GPU_UTIL,0,gapu-2-worker0,99.0
1785849044.225,DCGM_FI_DEV_MEM_COPY_UTIL,0,gapu-2-worker0,25.0
1785849044.265,DCGM_FI_DEV_POWER_USAGE,0,gapu-2-worker1,113.224
1785849044.265,DCGM_FI_DEV_GPU_UTIL,0,gapu-2-worker1,91.0
1785849044.265,DCGM_FI_DEV_MEM_COPY_UTIL,0,gapu-2-worker1,47.0
1785849049.214,DCGM_FI_DEV_POWER_USAGE,0,gapu-2-worker0,120.773
1785849049.214,DCGM_FI_DEV_GPU_UTIL,0,gapu-2-worker0,80.0
1785849049.214,DCGM_FI_DEV_MEM_COPY_UTIL,0,gapu-2-worker0,40.0
1785849049.267,DCGM_FI_DEV_POWER_USAGE,0,gapu-2-worker1,106.784
1785849049.267,DCGM_FI_DEV_GPU_UTIL,0,gapu-2-worker1,91.0
1785849049.267,DCGM_FI_DEV_MEM_COPY_UTIL,0,gapu-2-worker1,47.0
1785849054.212,DCGM_FI_DEV_POWER_USAGE,0,gapu-2-worker0,120.773
1785849054.212,DCGM_FI_DEV_GPU_UTIL,0,gapu-2-worker0,80.0
1785849054.212,DCGM_FI_DEV_MEM_COPY_UTIL,0,gapu-2-worker0,40.0
1785849054.299,DCGM_FI_DEV_POWER_USAGE,0,gapu-2-worker1,106.784
1785849054.299,DCGM_FI_DEV_GPU_UTIL,0,gapu-2-worker1,91.0
1785849054.299,DCGM_FI_DEV_MEM_COPY_UTIL,0,gapu-2-worker1,47.0
1785849059.223,DCGM_FI_DEV_POWER_USAGE,0,gapu-2-worker0,120.773
1785849059.223,DCGM_FI_DEV_GPU_UTIL,0,gapu-2-worker0,80.0
1785849059.223,DCGM_FI_DEV_MEM_COPY_UTIL,0,gapu-2-worker0,40.0
1785849059.287,DCGM_FI_DEV_POWER_USAGE,0,gapu-2-worker1,106.784
1785849059.287,DCGM_FI_DEV_GPU_UTIL,0,gapu-2-worker1,91.0
1785849059.287,DCGM_FI_DEV_MEM_COPY_UTIL,0,gapu-2-worker1,47.0
1785849064.37,DCGM_FI_DEV_POWER_USAGE,0,gapu-2-worker0,120.773
1785849064.37,DCGM_FI_DEV_GPU_UTIL,0,gapu-2-worker0,80.0
1785849064.37,DCGM_FI_DEV_MEM_COPY_UTIL,0,gapu-2-worker0,40.0
1785849064.423,DCGM_FI_DEV_POWER_USAGE,0,gapu-2-worker1,106.784
1785849064.423,DCGM_FI_DEV_GPU_UTIL,0,gapu-2-worker1,91.0
1785849064.423,DCGM_FI_DEV_MEM_COPY_UTIL,0,gapu-2-worker1,47.0
1785849069.496,DCGM_FI_DEV_POWER_USAGE,0,gapu-2-worker0,120.773
1785849069.496,DCGM_FI_DEV_GPU_UTIL,0,gapu-2-worker0,80.0
1785849069.496,DCGM_FI_DEV_MEM_COPY_UTIL,0,gapu-2-worker0,40.0
1785849069.556,DCGM_FI_DEV_POWER_USAGE,0,gapu-2-worker1,106.784
1785849069.556,DCGM_FI_DEV_GPU_UTIL,0,gapu-2-worker1,91.0
1785849069.556,DCGM_FI_DEV_MEM_COPY_UTIL,0,gapu-2-worker1,47.0
1785849074.225,DCGM_FI_DEV_POWER_USAGE,0,gapu-2-worker0,120.773
1785849074.225,DCGM_FI_DEV_GPU_UTIL,0,gapu-2-worker0,80.0
1785849074.225,DCGM_FI_DEV_MEM_COPY_UTIL,0,gapu-2-worker0,40.0
1785849074.286,DCGM_FI_DEV_POWER_USAGE,0,gapu-2-worker1,106.784
1785849074.286,DCGM_FI_DEV_GPU_UTIL,0,gapu-2-worker1,91.0
1785849074.286,DCGM_FI_DEV_MEM_COPY_UTIL,0,gapu-2-worker1,47.0
1785849079.253,DCGM_FI_DEV_POWER_USAGE,0,gapu-2-worker0,127.385
1785849079.253,DCGM_FI_DEV_GPU_UTIL,0,gapu-2-worker0,48.0
1785849079.253,DCGM_FI_DEV_MEM_COPY_UTIL,0,gapu-2-worker0,34.0
1785849079.3,DCGM_FI_DEV_POWER_USAGE,0,gapu-2-worker1,117.71
1785849079.3,DCGM_FI_DEV_GPU_UTIL,0,gapu-2-worker1,92.0
1785849079.3,DCGM_FI_DEV_MEM_COPY_UTIL,0,gapu-2-worker1,64.0
1785849084.239,DCGM_FI_DEV_POWER_USAGE,0,gapu-2-worker0,127.385
1785849084.239,DCGM_FI_DEV_GPU_UTIL,0,gapu-2-worker0,48.0
1785849084.239,DCGM_FI_DEV_MEM_COPY_UTIL,0,gapu-2-worker0,34.0
1785849084.301,DCGM_FI_DEV_POWER_USAGE,0,gapu-2-worker1,117.71
1785849084.301,DCGM_FI_DEV_GPU_UTIL,0,gapu-2-worker1,92.0
1785849084.301,DCGM_FI_DEV_MEM_COPY_UTIL,0,gapu-2-worker1,64.0
1785849089.242,DCGM_FI_DEV_POWER_USAGE,0,gapu-2-worker0,127.385
1785849089.242,DCGM_FI_DEV_GPU_UTIL,0,gapu-2-worker0,48.0
1785849089.242,DCGM_FI_DEV_MEM_COPY_UTIL,0,gapu-2-worker0,34.0
1785849089.286,DCGM_FI_DEV_POWER_USAGE,0,gapu-2-worker1,117.71
1785849089.286,DCGM_FI_DEV_GPU_UTIL,0,gapu-2-worker1,92.0
1785849089.286,DCGM_FI_DEV_MEM_COPY_UTIL,0,gapu-2-worker1,64.0
1785849094.246,DCGM_FI_DEV_POWER_USAGE,0,gapu-2-worker0,127.385
1785849094.246,DCGM_FI_DEV_GPU_UTIL,0,gapu-2-worker0,48.0
1785849094.246,DCGM_FI_DEV_MEM_COPY_UTIL,0,gapu-2-worker0,34.0
1785849094.284,DCGM_FI_DEV_POWER_USAGE,0,gapu-2-worker1,117.71
1785849094.284,DCGM_FI_DEV_GPU_UTIL,0,gapu-2-worker1,92.0
1785849094.284,DCGM_FI_DEV_MEM_COPY_UTIL,0,gapu-2-worker1,64.0
1785849099.26,DCGM_FI_DEV_POWER_USAGE,0,gapu-2-worker0,127.385
1785849099.26,DCGM_FI_DEV_GPU_UTIL,0,gapu-2-worker0,48.0
1785849099.26,DCGM_FI_DEV_MEM_COPY_UTIL,0,gapu-2-worker0,34.0
1785849099.303,DCGM_FI_DEV_POWER_USAGE,0,gapu-2-worker1,117.71
1785849099.303,DCGM_FI_DEV_GPU_UTIL,0,gapu-2-worker1,92.0
1785849099.303,DCGM_FI_DEV_MEM_COPY_UTIL,0,gapu-2-worker1,64.0
1785849104.243,DCGM_FI_DEV_POWER_USAGE,0,gapu-2-worker0,127.385
1785849104.243,DCGM_FI_DEV_GPU_UTIL,0,gapu-2-worker0,48.0
1785849104.243,DCGM_FI_DEV_MEM_COPY_UTIL,0,gapu-2-worker0,34.0
1785849104.286,DCGM_FI_DEV_POWER_USAGE,0,gapu-2-worker1,117.71
1785849104.286,DCGM_FI_DEV_GPU_UTIL,0,gapu-2-worker1,92.0
1785849104.286,DCGM_FI_DEV_MEM_COPY_UTIL,0,gapu-2-worker1,64.0
1785849109.254,DCGM_FI_DEV_POWER_USAGE,0,gapu-2-worker0,123.381
1785849109.254,DCGM_FI_DEV_GPU_UTIL,0,gapu-2-worker0,91.0
1785849109.254,DCGM_FI_DEV_MEM_COPY_UTIL,0,gapu-2-worker0,42.0
1785849109.297,DCGM_FI_DEV_POWER_USAGE,0,gapu-2-worker1,113.45
1785849109.297,DCGM_FI_DEV_GPU_UTIL,0,gapu-2-worker1,91.0
1785849109.297,DCGM_FI_DEV_MEM_COPY_UTIL,0,gapu-2-worker1,43.0
1785849114.272,DCGM_FI_DEV_POWER_USAGE,0,gapu-2-worker0,123.381
1785849114.272,DCGM_FI_DEV_GPU_UTIL,0,gapu-2-worker0,91.0
1785849114.272,DCGM_FI_DEV_MEM_COPY_UTIL,0,gapu-2-worker0,42.0
1785849114.318,DCGM_FI_DEV_POWER_USAGE,0,gapu-2-worker1,113.45
1785849114.318,DCGM_FI_DEV_GPU_UTIL,0,gapu-2-worker1,91.0
1785849114.318,DCGM_FI_DEV_MEM_COPY_UTIL,0,gapu-2-worker1,43.0
1785849119.259,DCGM_FI_DEV_POWER_USAGE,0,gapu-2-worker0,123.381
1785849119.259,DCGM_FI_DEV_GPU_UTIL,0,gapu-2-worker0,91.0
1785849119.259,DCGM_FI_DEV_MEM_COPY_UTIL,0,gapu-2-worker0,42.0
1785849119.315,DCGM_FI_DEV_POWER_USAGE,0,gapu-2-worker1,113.45
1785849119.315,DCGM_FI_DEV_GPU_UTIL,0,gapu-2-worker1,91.0
1785849119.315,DCGM_FI_DEV_MEM_COPY_UTIL,0,gapu-2-worker1,43.0
1785849124.264,DCGM_FI_DEV_POWER_USAGE,0,gapu-2-worker0,123.381
1785849124.264,DCGM_FI_DEV_GPU_UTIL,0,gapu-2-worker0,91.0
1785849124.264,DCGM_FI_DEV_MEM_COPY_UTIL,0,gapu-2-worker0,42.0
1785849124.309,DCGM_FI_DEV_POWER_USAGE,0,gapu-2-worker1,113.45
1785849124.309,DCGM_FI_DEV_GPU_UTIL,0,gapu-2-worker1,91.0
1785849124.309,DCGM_FI_DEV_MEM_COPY_UTIL,0,gapu-2-worker1,43.0
1785849129.268,DCGM_FI_DEV_POWER_USAGE,0,gapu-2-worker0,123.381
1785849129.268,DCGM_FI_DEV_GPU_UTIL,0,gapu-2-worker0,91.0
1785849129.268,DCGM_FI_DEV_MEM_COPY_UTIL,0,gapu-2-worker0,42.0
1785849129.317,DCGM_FI_DEV_POWER_USAGE,0,gapu-2-worker1,113.45
1785849129.317,DCGM_FI_DEV_GPU_UTIL,0,gapu-2-worker1,91.0
1785849129.317,DCGM_FI_DEV_MEM_COPY_UTIL,0,gapu-2-worker1,43.0
1785849134.271,DCGM_FI_DEV_POWER_USAGE,0,gapu-2-worker0,123.381
1785849134.271,DCGM_FI_DEV_GPU_UTIL,0,gapu-2-worker0,91.0
1785849134.271,DCGM_FI_DEV_MEM_COPY_UTIL,0,gapu-2-worker0,42.0
1785849134.308,DCGM_FI_DEV_POWER_USAGE,0,gapu-2-worker1,113.45
1785849134.308,DCGM_FI_DEV_GPU_UTIL,0,gapu-2-worker1,91.0
1785849134.308,DCGM_FI_DEV_MEM_COPY_UTIL,0,gapu-2-worker1,43.0
1785849139.265,DCGM_FI_DEV_POWER_USAGE,0,gapu-2-worker0,121.033
1785849139.265,DCGM_FI_DEV_GPU_UTIL,0,gapu-2-worker0,88.0
1785849139.265,DCGM_FI_DEV_MEM_COPY_UTIL,0,gapu-2-worker0,58.0
1785849139.32,DCGM_FI_DEV_POWER_USAGE,0,gapu-2-worker1,106.48
1785849139.32,DCGM_FI_DEV_GPU_UTIL,0,gapu-2-worker1,94.0
1785849139.32,DCGM_FI_DEV_MEM_COPY_UTIL,0,gapu-2-worker1,26.0
1785849144.268,DCGM_FI_DEV_POWER_USAGE,0,gapu-2-worker0,121.033
1785849144.268,DCGM_FI_DEV_GPU_UTIL,0,gapu-2-worker0,88.0
1785849144.268,DCGM_FI_DEV_MEM_COPY_UTIL,0,gapu-2-worker0,58.0
1785849144.313,DCGM_FI_DEV_POWER_USAGE,0,gapu-2-worker1,106.48
1785849144.313,DCGM_FI_DEV_GPU_UTIL,0,gapu-2-worker1,94.0
1785849144.313,DCGM_FI_DEV_MEM_COPY_UTIL,0,gapu-2-worker1,26.0
1785849149.3,DCGM_FI_DEV_POWER_USAGE,0,gapu-2-worker0,121.033
1785849149.3,DCGM_FI_DEV_GPU_UTIL,0,gapu-2-worker0,88.0
1785849149.3,DCGM_FI_DEV_MEM_COPY_UTIL,0,gapu-2-worker0,58.0
1785849149.342,DCGM_FI_DEV_POWER_USAGE,0,gapu-2-worker1,106.48
1785849149.342,DCGM_FI_DEV_GPU_UTIL,0,gapu-2-worker1,94.0
1785849149.342,DCGM_FI_DEV_MEM_COPY_UTIL,0,gapu-2-worker1,26.0
1785849154.281,DCGM_FI_DEV_POWER_USAGE,0,gapu-2-worker0,121.033
1785849154.281,DCGM_FI_DEV_GPU_UTIL,0,gapu-2-worker0,88.0
1785849154.281,DCGM_FI_DEV_MEM_COPY_UTIL,0,gapu-2-worker0,58.0
1785849154.365,DCGM_FI_DEV_POWER_USAGE,0,gapu-2-worker1,106.48
1785849154.365,DCGM_FI_DEV_GPU_UTIL,0,gapu-2-worker1,94.0
1785849154.365,DCGM_FI_DEV_MEM_COPY_UTIL,0,gapu-2-worker1,26.0
1785849159.282,DCGM_FI_DEV_POWER_USAGE,0,gapu-2-worker0,121.033
1785849159.282,DCGM_FI_DEV_GPU_UTIL,0,gapu-2-worker0,88.0
1785849159.282,DCGM_FI_DEV_MEM_COPY_UTIL,0,gapu-2-worker0,58.0
1785849159.325,DCGM_FI_DEV_POWER_USAGE,0,gapu-2-worker1,106.48
1785849159.325,DCGM_FI_DEV_GPU_UTIL,0,gapu-2-worker1,94.0
1785849159.325,DCGM_FI_DEV_MEM_COPY_UTIL,0,gapu-2-worker1,26.0
1785849164.305,DCGM_FI_DEV_POWER_USAGE,0,gapu-2-worker0,121.033
1785849164.305,DCGM_FI_DEV_GPU_UTIL,0,gapu-2-worker0,88.0
1785849164.305,DCGM_FI_DEV_MEM_COPY_UTIL,0,gapu-2-worker0,58.0
1785849164.405,DCGM_FI_DEV_POWER_USAGE,0,gapu-2-worker1,106.48
1785849164.405,DCGM_FI_DEV_GPU_UTIL,0,gapu-2-worker1,94.0
1785849164.405,DCGM_FI_DEV_MEM_COPY_UTIL,0,gapu-2-worker1,26.0
1785849169.287,DCGM_FI_DEV_POWER_USAGE,0,gapu-2-worker0,118.819
1785849169.287,DCGM_FI_DEV_GPU_UTIL,0,gapu-2-worker0,66.0
1785849169.287,DCGM_FI_DEV_MEM_COPY_UTIL,0,gapu-2-worker0,24.0
1785849169.325,DCGM_FI_DEV_POWER_USAGE,0,gapu-2-worker1,102.463
1785849169.325,DCGM_FI_DEV_GPU_UTIL,0,gapu-2-worker1,93.0
1785849169.325,DCGM_FI_DEV_MEM_COPY_UTIL,0,gapu-2-worker1,27.0
1785849174.286,DCGM_FI_DEV_POWER_USAGE,0,gapu-2-worker0,118.819
1785849174.286,DCGM_FI_DEV_GPU_UTIL,0,gapu-2-worker0,66.0
1785849174.286,DCGM_FI_DEV_MEM_COPY_UTIL,0,gapu-2-worker0,24.0
1785849174.345,DCGM_FI_DEV_POWER_USAGE,0,gapu-2-worker1,102.463
1785849174.345,DCGM_FI_DEV_GPU_UTIL,0,gapu-2-worker1,93.0
1785849174.345,DCGM_FI_DEV_MEM_COPY_UTIL,0,gapu-2-worker1,27.0
1785849179.302,DCGM_FI_DEV_POWER_USAGE,0,gapu-2-worker0,118.819
1785849179.302,DCGM_FI_DEV_GPU_UTIL,0,gapu-2-worker0,66.0
1785849179.302,DCGM_FI_DEV_MEM_COPY_UTIL,0,gapu-2-worker0,24.0
1785849179.34,DCGM_FI_DEV_POWER_USAGE,0,gapu-2-worker1,102.463
1785849179.34,DCGM_FI_DEV_GPU_UTIL,0,gapu-2-worker1,93.0
1785849179.34,DCGM_FI_DEV_MEM_COPY_UTIL,0,gapu-2-worker1,27.0
1785849184.313,DCGM_FI_DEV_POWER_USAGE,0,gapu-2-worker0,118.819
1785849184.313,DCGM_FI_DEV_GPU_UTIL,0,gapu-2-worker0,66.0
1785849184.313,DCGM_FI_DEV_MEM_COPY_UTIL,0,gapu-2-worker0,24.0
1785849184.352,DCGM_FI_DEV_POWER_USAGE,0,gapu-2-worker1,102.463
1785849184.352,DCGM_FI_DEV_GPU_UTIL,0,gapu-2-worker1,93.0
1785849184.352,DCGM_FI_DEV_MEM_COPY_UTIL,0,gapu-2-worker1,27.0
1785849189.3,DCGM_FI_DEV_POWER_USAGE,0,gapu-2-worker0,118.819
1785849189.3,DCGM_FI_DEV_GPU_UTIL,0,gapu-2-worker0,66.0
1785849189.3,DCGM_FI_DEV_MEM_COPY_UTIL,0,gapu-2-worker0,24.0
1785849189.357,DCGM_FI_DEV_POWER_USAGE,0,gapu-2-worker1,102.463
1785849189.357,DCGM_FI_DEV_GPU_UTIL,0,gapu-2-worker1,93.0
1785849189.357,DCGM_FI_DEV_MEM_COPY_UTIL,0,gapu-2-worker1,27.0
1785849194.29,DCGM_FI_DEV_POWER_USAGE,0,gapu-2-worker0,118.819
1785849194.29,DCGM_FI_DEV_GPU_UTIL,0,gapu-2-worker0,66.0
1785849194.29,DCGM_FI_DEV_MEM_COPY_UTIL,0,gapu-2-worker0,24.0
1785849194.329,DCGM_FI_DEV_POWER_USAGE,0,gapu-2-worker1,102.463
1785849194.329,DCGM_FI_DEV_GPU_UTIL,0,gapu-2-worker1,93.0
1785849194.329,DCGM_FI_DEV_MEM_COPY_UTIL,0,gapu-2-worker1,27.0
1785849199.307,DCGM_FI_DEV_POWER_USAGE,0,gapu-2-worker0,110.511
1785849199.307,DCGM_FI_DEV_GPU_UTIL,0,gapu-2-worker0,84.0
1785849199.307,DCGM_FI_DEV_MEM_COPY_UTIL,0,gapu-2-worker0,26.0
1785849199.342,DCGM_FI_DEV_POWER_USAGE,0,gapu-2-worker1,111.778
1785849199.342,DCGM_FI_DEV_GPU_UTIL,0,gapu-2-worker1,93.0
1785849199.342,DCGM_FI_DEV_MEM_COPY_UTIL,0,gapu-2-worker1,54.0
1785849204.327,DCGM_FI_DEV_POWER_USAGE,0,gapu-2-worker0,110.511
1785849204.327,DCGM_FI_DEV_GPU_UTIL,0,gapu-2-worker0,84.0
1785849204.327,DCGM_FI_DEV_MEM_COPY_UTIL,0,gapu-2-worker0,26.0
1785849204.366,DCGM_FI_DEV_POWER_USAGE,0,gapu-2-worker1,111.778
1785849204.366,DCGM_FI_DEV_GPU_UTIL,0,gapu-2-worker1,93.0
1785849204.366,DCGM_FI_DEV_MEM_COPY_UTIL,0,gapu-2-worker1,54.0
1785849209.316,DCGM_FI_DEV_POWER_USAGE,0,gapu-2-worker0,110.511
1785849209.316,DCGM_FI_DEV_GPU_UTIL,0,gapu-2-worker0,84.0
1785849209.316,DCGM_FI_DEV_MEM_COPY_UTIL,0,gapu-2-worker0,26.0
1785849209.361,DCGM_FI_DEV_POWER_USAGE,0,gapu-2-worker1,111.778
1785849209.361,DCGM_FI_DEV_GPU_UTIL,0,gapu-2-worker1,93.0
1785849209.361,DCGM_FI_DEV_MEM_COPY_UTIL,0,gapu-2-worker1,54.0
1785849214.311,DCGM_FI_DEV_POWER_USAGE,0,gapu-2-worker0,110.511
1785849214.311,DCGM_FI_DEV_GPU_UTIL,0,gapu-2-worker0,84.0
1785849214.311,DCGM_FI_DEV_MEM_COPY_UTIL,0,gapu-2-worker0,26.0
1785849214.349,DCGM_FI_DEV_POWER_USAGE,0,gapu-2-worker1,111.778
1785849214.349,DCGM_FI_DEV_GPU_UTIL,0,gapu-2-worker1,93.0
1785849214.349,DCGM_FI_DEV_MEM_COPY_UTIL,0,gapu-2-worker1,54.0
1785849219.328,DCGM_FI_DEV_POWER_USAGE,0,gapu-2-worker0,110.511
1785849219.328,DCGM_FI_DEV_GPU_UTIL,0,gapu-2-worker0,84.0
1785849219.328,DCGM_FI_DEV_MEM_COPY_UTIL,0,gapu-2-worker0,26.0
1785849219.372,DCGM_FI_DEV_POWER_USAGE,0,gapu-2-worker1,111.778
1785849219.372,DCGM_FI_DEV_GPU_UTIL,0,gapu-2-worker1,93.0
1785849219.372,DCGM_FI_DEV_MEM_COPY_UTIL,0,gapu-2-worker1,54.0
1785849224.328,DCGM_FI_DEV_POWER_USAGE,0,gapu-2-worker0,110.511
1785849224.328,DCGM_FI_DEV_GPU_UTIL,0,gapu-2-worker0,84.0
1785849224.328,DCGM_FI_DEV_MEM_COPY_UTIL,0,gapu-2-worker0,26.0
1785849224.375,DCGM_FI_DEV_POWER_USAGE,0,gapu-2-worker1,111.778
1785849224.375,DCGM_FI_DEV_GPU_UTIL,0,gapu-2-worker1,93.0
1785849224.375,DCGM_FI_DEV_MEM_COPY_UTIL,0,gapu-2-worker1,54.0
1785849229.337,DCGM_FI_DEV_POWER_USAGE,0,gapu-2-worker0,123.256
1785849229.337,DCGM_FI_DEV_GPU_UTIL,0,gapu-2-worker0,77.0
1785849229.337,DCGM_FI_DEV_MEM_COPY_UTIL,0,gapu-2-worker0,49.0
1785849229.381,DCGM_FI_DEV_POWER_USAGE,0,gapu-2-worker1,106.655
1785849229.381,DCGM_FI_DEV_GPU_UTIL,0,gapu-2-worker1,95.0
1785849229.381,DCGM_FI_DEV_MEM_COPY_UTIL,0,gapu-2-worker1,32.0
1785849234.328,DCGM_FI_DEV_POWER_USAGE,0,gapu-2-worker0,123.256
1785849234.328,DCGM_FI_DEV_GPU_UTIL,0,gapu-2-worker0,77.0
1785849234.328,DCGM_FI_DEV_MEM_COPY_UTIL,0,gapu-2-worker0,49.0
1785849234.395,DCGM_FI_DEV_POWER_USAGE,0,gapu-2-worker1,106.655
1785849234.395,DCGM_FI_DEV_GPU_UTIL,0,gapu-2-worker1,95.0
1785849234.395,DCGM_FI_DEV_MEM_COPY_UTIL,0,gapu-2-worker1,32.0
1785849239.343,DCGM_FI_DEV_POWER_USAGE,0,gapu-2-worker0,123.256
1785849239.343,DCGM_FI_DEV_GPU_UTIL,0,gapu-2-worker0,77.0
1785849239.343,DCGM_FI_DEV_MEM_COPY_UTIL,0,gapu-2-worker0,49.0
1785849239.387,DCGM_FI_DEV_POWER_USAGE,0,gapu-2-worker1,106.655
1785849239.387,DCGM_FI_DEV_GPU_UTIL,0,gapu-2-worker1,95.0
1785849239.387,DCGM_FI_DEV_MEM_COPY_UTIL,0,gapu-2-worker1,32.0
1785849244.338,DCGM_FI_DEV_POWER_USAGE,0,gapu-2-worker0,123.256
1785849244.338,DCGM_FI_DEV_GPU_UTIL,0,gapu-2-worker0,77.0
1785849244.338,DCGM_FI_DEV_MEM_COPY_UTIL,0,gapu-2-worker0,49.0
1785849244.378,DCGM_FI_DEV_POWER_USAGE,0,gapu-2-worker1,106.655
1785849244.378,DCGM_FI_DEV_GPU_UTIL,0,gapu-2-worker1,95.0
1785849244.378,DCGM_FI_DEV_MEM_COPY_UTIL,0,gapu-2-worker1,32.0
1785849249.326,DCGM_FI_DEV_POWER_USAGE,0,gapu-2-worker0,123.256
1785849249.326,DCGM_FI_DEV_GPU_UTIL,0,gapu-2-worker0,77.0
1785849249.326,DCGM_FI_DEV_MEM_COPY_UTIL,0,gapu-2-worker0,49.0
1785849249.387,DCGM_FI_DEV_POWER_USAGE,0,gapu-2-worker1,106.655
1785849249.387,DCGM_FI_DEV_GPU_UTIL,0,gapu-2-worker1,95.0
1785849249.387,DCGM_FI_DEV_MEM_COPY_UTIL,0,gapu-2-worker1,32.0
1785849254.344,DCGM_FI_DEV_POWER_USAGE,0,gapu-2-worker0,123.256
1785849254.344,DCGM_FI_DEV_GPU_UTIL,0,gapu-2-worker0,77.0
1785849254.344,DCGM_FI_DEV_MEM_COPY_UTIL,0,gapu-2-worker0,49.0
1785849254.396,DCGM_FI_DEV_POWER_USAGE,0,gapu-2-worker1,106.655
1785849254.396,DCGM_FI_DEV_GPU_UTIL,0,gapu-2-worker1,95.0
1785849254.396,DCGM_FI_DEV_MEM_COPY_UTIL,0,gapu-2-worker1,32.0
1785849259.358,DCGM_FI_DEV_POWER_USAGE,0,gapu-2-worker0,115.447
1785849259.358,DCGM_FI_DEV_GPU_UTIL,0,gapu-2-worker0,95.0
1785849259.358,DCGM_FI_DEV_MEM_COPY_UTIL,0,gapu-2-worker0,36.0
1785849259.444,DCGM_FI_DEV_POWER_USAGE,0,gapu-2-worker1,115.072
1785849259.444,DCGM_FI_DEV_GPU_UTIL,0,gapu-2-worker1,95.0
1785849259.444,DCGM_FI_DEV_MEM_COPY_UTIL,0,gapu-2-worker1,58.0
1785849264.341,DCGM_FI_DEV_POWER_USAGE,0,gapu-2-worker0,115.447
1785849264.341,DCGM_FI_DEV_GPU_UTIL,0,gapu-2-worker0,95.0
1785849264.341,DCGM_FI_DEV_MEM_COPY_UTIL,0,gapu-2-worker0,36.0
1785849264.405,DCGM_FI_DEV_POWER_USAGE,0,gapu-2-worker1,115.072
1785849264.405,DCGM_FI_DEV_GPU_UTIL,0,gapu-2-worker1,95.0
1785849264.405,DCGM_FI_DEV_MEM_COPY_UTIL,0,gapu-2-worker1,58.0
1785849269.444,DCGM_FI_DEV_POWER_USAGE,0,gapu-2-worker0,115.447
1785849269.444,DCGM_FI_DEV_GPU_UTIL,0,gapu-2-worker0,95.0
1785849269.444,DCGM_FI_DEV_MEM_COPY_UTIL,0,gapu-2-worker0,36.0
1785849269.515,DCGM_FI_DEV_POWER_USAGE,0,gapu-2-worker1,115.072
1785849269.515,DCGM_FI_DEV_GPU_UTIL,0,gapu-2-worker1,95.0
1785849269.515,DCGM_FI_DEV_MEM_COPY_UTIL,0,gapu-2-worker1,58.0
1785849274.353,DCGM_FI_DEV_POWER_USAGE,0,gapu-2-worker0,115.447
1785849274.353,DCGM_FI_DEV_GPU_UTIL,0,gapu-2-worker0,95.0
1785849274.353,DCGM_FI_DEV_MEM_COPY_UTIL,0,gapu-2-worker0,36.0
1785849274.431,DCGM_FI_DEV_POWER_USAGE,0,gapu-2-worker1,115.072
1785849274.431,DCGM_FI_DEV_GPU_UTIL,0,gapu-2-worker1,95.0
1785849274.431,DCGM_FI_DEV_MEM_COPY_UTIL,0,gapu-2-worker1,58.0
1785849279.387,DCGM_FI_DEV_POWER_USAGE,0,gapu-2-worker0,115.447
1785849279.387,DCGM_FI_DEV_GPU_UTIL,0,gapu-2-worker0,95.0
1785849279.387,DCGM_FI_DEV_MEM_COPY_UTIL,0,gapu-2-worker0,36.0
1785849279.426,DCGM_FI_DEV_POWER_USAGE,0,gapu-2-worker1,115.072
1785849279.426,DCGM_FI_DEV_GPU_UTIL,0,gapu-2-worker1,95.0
1785849279.426,DCGM_FI_DEV_MEM_COPY_UTIL,0,gapu-2-worker1,58.0
1785849284.37,DCGM_FI_DEV_POWER_USAGE,0,gapu-2-worker0,115.447
1785849284.37,DCGM_FI_DEV_GPU_UTIL,0,gapu-2-worker0,95.0
1785849284.37,DCGM_FI_DEV_MEM_COPY_UTIL,0,gapu-2-worker0,36.0
1785849284.413,DCGM_FI_DEV_POWER_USAGE,0,gapu-2-worker1,115.072
1785849284.413,DCGM_FI_DEV_GPU_UTIL,0,gapu-2-worker1,95.0
1785849284.413,DCGM_FI_DEV_MEM_COPY_UTIL,0,gapu-2-worker1,58.0
1785849289.355,DCGM_FI_DEV_POWER_USAGE,0,gapu-2-worker0,97.633
1785849289.355,DCGM_FI_DEV_GPU_UTIL,0,gapu-2-worker0,0.0
1785849289.355,DCGM_FI_DEV_MEM_COPY_UTIL,0,gapu-2-worker0,0.0
1785849289.386,DCGM_FI_DEV_POWER_USAGE,0,gapu-2-worker1,92.63
1785849289.386,DCGM_FI_DEV_GPU_UTIL,0,gapu-2-worker1,0.0
1785849289.386,DCGM_FI_DEV_MEM_COPY_UTIL,0,gapu-2-worker1,0.0
