run,sweep_id,cell,arm,alpha,beta,rate_req_s,osl_tokens,git_commit,router_image,seed,ok,errors,error_rate,ttft_mean,ttft_p50,ttft_p90,ttft_p95,ttft_p99,itl_p50,itl_p95,itl_p99,e2e_mean,e2e_p95,e2e_p99,throughput_req_s,throughput_tok_s,imbalance
20260805-230541-kvaware,gen2-confirmatory,kvaware,kvaware,,,16.0,64,ffe1c77719b2,lmcache/lmstack-router:0.1.9.dev9-g37bafbcf5.d20260107,1,500,0,0.0,0.1308,0.1245,0.1939,0.2121,0.2663,0.033,0.095,0.122,2.7192,4.441,4.5635,14.65,937.5989,2.0854
20260805-230541-kvaware,gen2-confirmatory,kvaware,kvaware,,,16.0,64,ffe1c77719b2,lmcache/lmstack-router:0.1.9.dev9-g37bafbcf5.d20260107,2,500,0,0.0,0.1863,0.1634,0.3043,0.3562,0.4913,0.0397,0.1649,0.1895,4.116,7.873,8.2024,14.3249,916.7929,3.35
20260805-230541-kvaware,gen2-confirmatory,kvaware,kvaware,,,16.0,64,ffe1c77719b2,lmcache/lmstack-router:0.1.9.dev9-g37bafbcf5.d20260107,3,495,5,0.01,0.2514,0.2169,0.4893,0.5732,0.6584,0.0618,0.2773,0.3326,6.2841,13.2343,13.6666,13.9579,893.3078,2.8727
20260805-230541-kvaware,gen2-confirmatory,kvaware,kvaware,,,16.0,64,ffe1c77719b2,lmcache/lmstack-router:0.1.9.dev9-g37bafbcf5.d20260107,4,496,4,0.008,0.1267,0.1217,0.1711,0.1952,0.2448,0.0331,0.0776,0.1191,2.5924,3.9181,4.3733,13.5669,868.2818,1.2979
20260805-230541-kvaware,gen2-confirmatory,kvaware,kvaware,,,16.0,64,ffe1c77719b2,lmcache/lmstack-router:0.1.9.dev9-g37bafbcf5.d20260107,5,498,2,0.004,0.1837,0.1727,0.27,0.3236,0.4007,0.046,0.1589,0.2056,4.1737,7.272,7.765,14.1992,908.747,1.7344
20260805-230541-kvaware,gen2-confirmatory,kvaware,kvaware,,,16.0,64,ffe1c77719b2,lmcache/lmstack-router:0.1.9.dev9-g37bafbcf5.d20260107,6,498,2,0.004,0.1636,0.1532,0.2296,0.2585,0.4516,0.0377,0.1069,0.1339,3.3317,4.2573,4.4454,14.1473,905.4267,2.68
20260805-230541-kvaware,gen2-confirmatory,kvaware,kvaware,,,16.0,64,ffe1c77719b2,lmcache/lmstack-router:0.1.9.dev9-g37bafbcf5.d20260107,7,500,0,0.0,0.2009,0.1866,0.2992,0.3403,0.4147,0.0455,0.1567,0.2026,4.3284,7.4626,7.8557,15.0639,964.0911,2.2857
20260805-230541-kvaware,gen2-confirmatory,kvaware,kvaware,,,16.0,64,ffe1c77719b2,lmcache/lmstack-router:0.1.9.dev9-g37bafbcf5.d20260107,8,497,3,0.006,0.1531,0.1461,0.2105,0.2324,0.2764,0.0383,0.1044,0.1299,3.2613,4.2188,4.447,13.8788,888.2415,2.5521
20260805-230541-kvaware,gen2-confirmatory,kvaware,kvaware,,,16.0,64,ffe1c77719b2,lmcache/lmstack-router:0.1.9.dev9-g37bafbcf5.d20260107,9,499,1,0.002,0.1706,0.1642,0.2403,0.2694,0.3504,0.0416,0.1195,0.162,3.6084,5.4206,5.5468,14.678,939.3912,1.4103
20260805-230541-kvaware,gen2-confirmatory,kvaware,kvaware,,,16.0,64,ffe1c77719b2,lmcache/lmstack-router:0.1.9.dev9-g37bafbcf5.d20260107,10,496,4,0.008,0.1895,0.1782,0.28,0.317,0.3626,0.0433,0.1509,0.1739,4.2265,7.1811,7.5427,14.4342,923.7888,2.3271
20260805-230541-kvaware,gen2-confirmatory,kvaware,kvaware,,,16.0,64,ffe1c77719b2,lmcache/lmstack-router:0.1.9.dev9-g37bafbcf5.d20260107,11,500,0,0.0,0.1538,0.1485,0.213,0.2399,0.268,0.039,0.1069,0.135,3.2681,4.4384,4.5335,13.977,894.5263,2.3895
20260805-230541-kvaware,gen2-confirmatory,kvaware,kvaware,,,16.0,64,ffe1c77719b2,lmcache/lmstack-router:0.1.9.dev9-g37bafbcf5.d20260107,12,499,1,0.002,0.2286,0.2062,0.3789,0.4285,0.5175,0.0511,0.1934,0.232,5.2952,9.0016,9.1661,14.549,931.1334,2.5161
20260805-230541-kvaware,gen2-confirmatory,kvaware,kvaware,,,16.0,64,ffe1c77719b2,lmcache/lmstack-router:0.1.9.dev9-g37bafbcf5.d20260107,13,498,2,0.004,0.2457,0.2193,0.4333,0.484,0.5667,0.0604,0.2596,0.2976,6.2055,12.1771,12.5855,14.4096,922.214,3.8067
20260805-230541-kvaware,gen2-confirmatory,kvaware,kvaware,,,16.0,64,ffe1c77719b2,lmcache/lmstack-router:0.1.9.dev9-g37bafbcf5.d20260107,14,494,6,0.012,0.1675,0.1619,0.2303,0.2509,0.2872,0.0412,0.1184,0.1433,3.7249,5.2217,5.5121,14.2111,909.5083,3.4343
20260805-230541-kvaware,gen2-confirmatory,kvaware,kvaware,,,16.0,64,ffe1c77719b2,lmcache/lmstack-router:0.1.9.dev9-g37bafbcf5.d20260107,15,498,2,0.004,0.1601,0.1505,0.2351,0.2671,0.3048,0.0391,0.1265,0.1557,3.4788,5.6028,5.7184,13.4191,858.8201,1.9703
20260805-230541-kvaware,gen2-confirmatory,kvaware,kvaware,,,16.0,64,ffe1c77719b2,lmcache/lmstack-router:0.1.9.dev9-g37bafbcf5.d20260107,16,500,0,0.0,0.1933,0.1796,0.3035,0.3362,0.5473,0.0437,0.1599,0.1781,3.9783,6.4877,6.8422,15.0604,963.8637,1.2946
20260805-230541-kvaware,gen2-confirmatory,kvaware,kvaware,,,16.0,64,ffe1c77719b2,lmcache/lmstack-router:0.1.9.dev9-g37bafbcf5.d20260107,17,498,2,0.004,0.209,0.1891,0.3656,0.4089,0.5376,0.0482,0.2125,0.2573,4.7589,9.1974,9.5445,14.4123,922.39,2.0952
20260805-230541-kvaware,gen2-confirmatory,kvaware,kvaware,,,16.0,64,ffe1c77719b2,lmcache/lmstack-router:0.1.9.dev9-g37bafbcf5.d20260107,18,497,3,0.006,0.1951,0.1772,0.2995,0.3421,0.5447,0.0419,0.1473,0.1829,4.2516,7.0765,7.334,14.1371,904.773,2.8354
20260805-230541-kvaware,gen2-confirmatory,kvaware,kvaware,,,16.0,64,ffe1c77719b2,lmcache/lmstack-router:0.1.9.dev9-g37bafbcf5.d20260107,19,495,5,0.01,0.1576,0.1487,0.2268,0.2505,0.299,0.0393,0.1122,0.1529,3.2654,4.7657,5.0018,14.8063,947.6015,1.2564
20260805-230541-kvaware,gen2-confirmatory,kvaware,kvaware,,,16.0,64,ffe1c77719b2,lmcache/lmstack-router:0.1.9.dev9-g37bafbcf5.d20260107,20,499,1,0.002,0.2978,0.245,0.5534,0.5886,0.6461,0.073,0.2985,0.3298,8.0171,16.3556,16.9371,14.4969,927.8033,4.7757
20260805-232541-loadaware-b0.5,gen2-confirmatory,loadaware-b0.5,loadaware,,0.5,16.0,64,ffe1c77719b2,quay.io/rhl193000/lmstack-router-loadaware:acf43d1,1,500,0,0.0,0.12,0.11,0.1714,0.2134,0.2883,0.0296,0.0697,0.1434,2.4015,4.3981,5.5579,14.415,922.5606,1.1494
20260805-232541-loadaware-b0.5,gen2-confirmatory,loadaware-b0.5,loadaware,,0.5,16.0,64,ffe1c77719b2,quay.io/rhl193000/lmstack-router-loadaware:acf43d1,2,496,4,0.008,0.162,0.1392,0.2726,0.3014,0.3684,0.0372,0.1453,0.1797,3.5841,6.5071,7.1409,14.0729,900.6664,1.6132
20260805-232541-loadaware-b0.5,gen2-confirmatory,loadaware-b0.5,loadaware,,0.5,16.0,64,ffe1c77719b2,quay.io/rhl193000/lmstack-router-loadaware:acf43d1,3,499,1,0.002,0.1673,0.1507,0.2599,0.3054,0.5225,0.0381,0.1214,0.1441,3.2748,4.8561,5.434,14.7364,943.1293,1.2564
20260805-232541-loadaware-b0.5,gen2-confirmatory,loadaware-b0.5,loadaware,,0.5,16.0,64,ffe1c77719b2,quay.io/rhl193000/lmstack-router-loadaware:acf43d1,4,499,1,0.002,0.1449,0.137,0.2074,0.2328,0.2668,0.0376,0.1125,0.1366,2.9967,4.7672,4.9006,13.5611,867.9095,1.2522
20260805-232541-loadaware-b0.5,gen2-confirmatory,loadaware-b0.5,loadaware,,0.5,16.0,64,ffe1c77719b2,quay.io/rhl193000/lmstack-router-loadaware:acf43d1,5,500,0,0.0,0.1696,0.151,0.2673,0.2949,0.3734,0.041,0.1358,0.1788,3.6556,5.9583,6.7089,14.2785,913.824,1.0573
20260805-232541-loadaware-b0.5,gen2-confirmatory,loadaware-b0.5,loadaware,,0.5,16.0,64,ffe1c77719b2,quay.io/rhl193000/lmstack-router-loadaware:acf43d1,6,496,4,0.008,0.1678,0.1551,0.2596,0.2957,0.3885,0.0415,0.147,0.1737,3.658,6.478,6.7533,13.9424,892.3168,1.0053
20260805-232541-loadaware-b0.5,gen2-confirmatory,loadaware-b0.5,loadaware,,0.5,16.0,64,ffe1c77719b2,quay.io/rhl193000/lmstack-router-loadaware:acf43d1,7,499,1,0.002,0.1889,0.1654,0.3138,0.3549,0.548,0.0441,0.1614,0.2039,3.8889,6.3595,6.6371,14.9945,959.6472,1.4237
20260805-232541-loadaware-b0.5,gen2-confirmatory,loadaware-b0.5,loadaware,,0.5,16.0,64,ffe1c77719b2,quay.io/rhl193000/lmstack-router-loadaware:acf43d1,8,500,0,0.0,0.147,0.1417,0.2063,0.2263,0.2814,0.0379,0.1086,0.1396,3.0378,4.4004,4.6805,13.9528,892.9814,1.1842
20260805-232541-loadaware-b0.5,gen2-confirmatory,loadaware-b0.5,loadaware,,0.5,16.0,64,ffe1c77719b2,quay.io/rhl193000/lmstack-router-loadaware:acf43d1,9,498,2,0.004,0.1682,0.1512,0.2507,0.2899,0.3248,0.0422,0.1365,0.1686,3.5804,5.6623,5.9415,14.5941,934.0249,1.3103
20260805-232541-loadaware-b0.5,gen2-confirmatory,loadaware-b0.5,loadaware,,0.5,16.0,64,ffe1c77719b2,quay.io/rhl193000/lmstack-router-loadaware:acf43d1,10,499,1,0.002,0.1719,0.1551,0.2662,0.3144,0.4235,0.0424,0.1695,0.2067,3.8365,7.803,8.5345,14.2761,913.6704,1.2453
20260805-232541-loadaware-b0.5,gen2-confirmatory,loadaware-b0.5,loadaware,,0.5,16.0,64,ffe1c77719b2,quay.io/rhl193000/lmstack-router-loadaware:acf43d1,11,497,3,0.006,0.1584,0.1489,0.2361,0.2702,0.3334,0.0388,0.1207,0.1457,3.2599,4.9033,5.3473,13.8209,884.54,1.24
20260805-232541-loadaware-b0.5,gen2-confirmatory,loadaware-b0.5,loadaware,,0.5,16.0,64,ffe1c77719b2,quay.io/rhl193000/lmstack-router-loadaware:acf43d1,12,500,0,0.0,0.1796,0.1671,0.2737,0.313,0.3779,0.0429,0.154,0.1961,3.9042,6.8009,7.0021,14.6227,935.8525,1.1056
20260805-232541-loadaware-b0.5,gen2-confirmatory,loadaware-b0.5,loadaware,,0.5,16.0,64,ffe1c77719b2,quay.io/rhl193000/lmstack-router-loadaware:acf43d1,13,495,5,0.01,0.1677,0.1588,0.2471,0.2887,0.3578,0.041,0.1428,0.1719,3.617,5.9511,6.3733,15.0209,961.3402,1.2754
20260805-232541-loadaware-b0.5,gen2-confirmatory,loadaware-b0.5,loadaware,,0.5,16.0,64,ffe1c77719b2,quay.io/rhl193000/lmstack-router-loadaware:acf43d1,14,497,3,0.006,0.1688,0.1519,0.2639,0.3022,0.3413,0.042,0.1474,0.1654,3.6526,6.1822,6.4951,14.2671,913.0946,1.2922
20260805-232541-loadaware-b0.5,gen2-confirmatory,loadaware-b0.5,loadaware,,0.5,16.0,64,ffe1c77719b2,quay.io/rhl193000/lmstack-router-loadaware:acf43d1,15,500,0,0.0,0.1532,0.1365,0.2296,0.261,0.458,0.0377,0.1163,0.1584,3.0868,5.1878,5.47,13.4585,861.3426,1.2328
20260805-232541-loadaware-b0.5,gen2-confirmatory,loadaware-b0.5,loadaware,,0.5,16.0,64,ffe1c77719b2,quay.io/rhl193000/lmstack-router-loadaware:acf43d1,16,499,1,0.002,0.1819,0.1749,0.2714,0.3135,0.3672,0.0446,0.1558,0.1869,3.9909,6.7957,6.9913,14.9347,955.8218,1.3099
20260805-232541-loadaware-b0.5,gen2-confirmatory,loadaware-b0.5,loadaware,,0.5,16.0,64,ffe1c77719b2,quay.io/rhl193000/lmstack-router-loadaware:acf43d1,17,498,2,0.004,0.1906,0.1678,0.3178,0.3778,0.4567,0.045,0.18,0.2167,4.1924,7.835,8.1333,14.3947,921.263,1.641
20260805-232541-loadaware-b0.5,gen2-confirmatory,loadaware-b0.5,loadaware,,0.5,16.0,64,ffe1c77719b2,quay.io/rhl193000/lmstack-router-loadaware:acf43d1,18,499,1,0.002,0.1511,0.139,0.2201,0.2438,0.2971,0.0382,0.1176,0.1391,3.1476,5.1443,5.5317,14.0183,897.1686,1.1491
20260805-232541-loadaware-b0.5,gen2-confirmatory,loadaware-b0.5,loadaware,,0.5,16.0,64,ffe1c77719b2,quay.io/rhl193000/lmstack-router-loadaware:acf43d1,19,499,1,0.002,0.1843,0.1703,0.288,0.3326,0.4819,0.0443,0.1597,0.2105,4.0229,7.643,8.0899,14.7957,946.9274,1.5846
20260805-232541-loadaware-b0.5,gen2-confirmatory,loadaware-b0.5,loadaware,,0.5,16.0,64,ffe1c77719b2,quay.io/rhl193000/lmstack-router-loadaware:acf43d1,20,496,4,0.008,0.1761,0.1718,0.2475,0.2706,0.3014,0.0421,0.1226,0.1429,3.7145,4.8104,4.9386,14.8964,953.3719,1.0596
20260805-234559-loadaware-b1.0,gen2-confirmatory,loadaware-b1.0,loadaware,,1.0,16.0,64,ffe1c77719b2,quay.io/rhl193000/lmstack-router-loadaware:acf43d1,1,500,0,0.0,0.1262,0.1107,0.1801,0.2222,0.3923,0.0299,0.0752,0.1248,2.3886,3.7772,4.5315,14.6728,939.0611,1.055
20260805-234559-loadaware-b1.0,gen2-confirmatory,loadaware-b1.0,loadaware,,1.0,16.0,64,ffe1c77719b2,quay.io/rhl193000/lmstack-router-loadaware:acf43d1,2,500,0,0.0,0.1529,0.1412,0.2165,0.2495,0.3116,0.0383,0.114,0.1457,3.1534,4.8333,5.176,14.1648,906.5482,1.4381
20260805-234559-loadaware-b1.0,gen2-confirmatory,loadaware-b1.0,loadaware,,1.0,16.0,64,ffe1c77719b2,quay.io/rhl193000/lmstack-router-loadaware:acf43d1,3,499,1,0.002,0.1871,0.1791,0.2818,0.3298,0.4075,0.0423,0.1524,0.1859,4.0105,6.6637,6.8598,14.6124,935.1962,1.3603
20260805-234559-loadaware-b1.0,gen2-confirmatory,loadaware-b1.0,loadaware,,1.0,16.0,64,ffe1c77719b2,quay.io/rhl193000/lmstack-router-loadaware:acf43d1,4,499,1,0.002,0.1406,0.1339,0.1898,0.2063,0.258,0.036,0.0948,0.1215,2.8408,4.2466,4.4476,13.6068,870.8351,1.1964
20260805-234559-loadaware-b1.0,gen2-confirmatory,loadaware-b1.0,loadaware,,1.0,16.0,64,ffe1c77719b2,quay.io/rhl193000/lmstack-router-loadaware:acf43d1,5,499,1,0.002,0.1481,0.138,0.2194,0.2491,0.3042,0.0384,0.1195,0.1513,3.2005,5.2688,6.0223,14.3278,916.9808,1.1938
20260805-234559-loadaware-b1.0,gen2-confirmatory,loadaware-b1.0,loadaware,,1.0,16.0,64,ffe1c77719b2,quay.io/rhl193000/lmstack-router-loadaware:acf43d1,6,500,0,0.0,0.1617,0.1555,0.2446,0.2662,0.3039,0.0407,0.1247,0.152,3.4501,5.3108,5.6213,14.1602,906.2508,1.1118
20260805-234559-loadaware-b1.0,gen2-confirmatory,loadaware-b1.0,loadaware,,1.0,16.0,64,ffe1c77719b2,quay.io/rhl193000/lmstack-router-loadaware:acf43d1,7,500,0,0.0,0.1802,0.1652,0.2635,0.3186,0.4551,0.0407,0.1339,0.1618,3.5825,5.5916,5.9643,15.1908,972.2127,1.0615
20260805-234559-loadaware-b1.0,gen2-confirmatory,loadaware-b1.0,loadaware,,1.0,16.0,64,ffe1c77719b2,quay.io/rhl193000/lmstack-router-loadaware:acf43d1,8,497,3,0.006,0.1383,0.1327,0.1878,0.2108,0.2525,0.0368,0.1042,0.1232,2.9145,4.1841,4.4674,13.7844,882.2025,1.181
20260805-234559-loadaware-b1.0,gen2-confirmatory,loadaware-b1.0,loadaware,,1.0,16.0,64,ffe1c77719b2,quay.io/rhl193000/lmstack-router-loadaware:acf43d1,9,500,0,0.0,0.1665,0.1587,0.2366,0.2575,0.3006,0.0426,0.1251,0.1444,3.5373,5.0223,5.4901,14.6635,938.4644,1.1321
20260805-234559-loadaware-b1.0,gen2-confirmatory,loadaware-b1.0,loadaware,,1.0,16.0,64,ffe1c77719b2,quay.io/rhl193000/lmstack-router-loadaware:acf43d1,10,499,1,0.002,0.1676,0.156,0.2429,0.2682,0.3568,0.0403,0.1365,0.1795,3.6221,6.5124,6.9165,14.4641,925.7026,1.0373
20260805-234559-loadaware-b1.0,gen2-confirmatory,loadaware-b1.0,loadaware,,1.0,16.0,64,ffe1c77719b2,quay.io/rhl193000/lmstack-router-loadaware:acf43d1,11,499,1,0.002,0.1551,0.1443,0.2233,0.2623,0.3643,0.0377,0.1148,0.1369,3.0902,4.6215,4.731,14.1006,902.4414,1.1069
20260805-234559-loadaware-b1.0,gen2-confirmatory,loadaware-b1.0,loadaware,,1.0,16.0,64,ffe1c77719b2,quay.io/rhl193000/lmstack-router-loadaware:acf43d1,12,500,0,0.0,0.1739,0.1636,0.2529,0.2831,0.3497,0.0427,0.1363,0.1622,3.704,5.7621,6.1914,14.7008,940.8506,1.067
20260805-234559-loadaware-b1.0,gen2-confirmatory,loadaware-b1.0,loadaware,,1.0,16.0,64,ffe1c77719b2,quay.io/rhl193000/lmstack-router-loadaware:acf43d1,13,497,3,0.006,0.2216,0.2111,0.3282,0.3583,0.4043,0.0515,0.1779,0.2048,5.0859,7.6193,8.1702,14.6912,940.2345,1.1726
20260805-234559-loadaware-b1.0,gen2-confirmatory,loadaware-b1.0,loadaware,,1.0,16.0,64,ffe1c77719b2,quay.io/rhl193000/lmstack-router-loadaware:acf43d1,14,497,3,0.006,0.2016,0.1915,0.2945,0.3292,0.4255,0.0463,0.1535,0.1849,4.3829,6.5465,7.0939,14.1703,906.8995,1.2
20260805-234559-loadaware-b1.0,gen2-confirmatory,loadaware-b1.0,loadaware,,1.0,16.0,64,ffe1c77719b2,quay.io/rhl193000/lmstack-router-loadaware:acf43d1,15,497,3,0.006,0.147,0.1394,0.2181,0.2442,0.2769,0.038,0.1096,0.1321,3.0437,4.5529,4.691,13.3506,854.4379,1.0597
20260805-234559-loadaware-b1.0,gen2-confirmatory,loadaware-b1.0,loadaware,,1.0,16.0,64,ffe1c77719b2,quay.io/rhl193000/lmstack-router-loadaware:acf43d1,16,500,0,0.0,0.1851,0.176,0.2743,0.3057,0.3731,0.0431,0.148,0.1766,3.8377,6.3107,6.4331,15.0313,962.003,1.5827
20260805-234559-loadaware-b1.0,gen2-confirmatory,loadaware-b1.0,loadaware,,1.0,16.0,64,ffe1c77719b2,quay.io/rhl193000/lmstack-router-loadaware:acf43d1,17,499,1,0.002,0.1839,0.1706,0.2867,0.3234,0.3778,0.0436,0.1423,0.1961,3.8748,5.9057,6.4516,14.5504,931.2263,1.2099
20260805-234559-loadaware-b1.0,gen2-confirmatory,loadaware-b1.0,loadaware,,1.0,16.0,64,ffe1c77719b2,quay.io/rhl193000/lmstack-router-loadaware:acf43d1,18,499,1,0.002,0.1676,0.154,0.2425,0.2681,0.4464,0.0397,0.1199,0.1534,3.3692,4.9071,5.0141,14.0932,901.9647,1.1931
20260805-234559-loadaware-b1.0,gen2-confirmatory,loadaware-b1.0,loadaware,,1.0,16.0,64,ffe1c77719b2,quay.io/rhl193000/lmstack-router-loadaware:acf43d1,19,500,0,0.0,0.1785,0.1634,0.2818,0.3141,0.3607,0.0446,0.1478,0.1696,3.8686,6.1432,6.3493,14.6646,938.537,1.375
20260805-234559-loadaware-b1.0,gen2-confirmatory,loadaware-b1.0,loadaware,,1.0,16.0,64,ffe1c77719b2,quay.io/rhl193000/lmstack-router-loadaware:acf43d1,20,499,1,0.002,0.2095,0.1907,0.3352,0.3721,0.4448,0.0511,0.1878,0.2209,4.6386,8.1496,8.3912,14.834,949.3736,1.1902
20260806-000626-loadaware-b2.0,gen2-confirmatory,loadaware-b2.0,loadaware,,2.0,16.0,64,ffe1c77719b2,quay.io/rhl193000/lmstack-router-loadaware:acf43d1,1,500,0,0.0,0.1905,0.1191,0.3723,0.6287,1.2445,0.0304,0.0786,0.1298,2.6154,4.3236,5.3876,14.7597,944.6202,1.0947
20260806-000626-loadaware-b2.0,gen2-confirmatory,loadaware-b2.0,loadaware,,2.0,16.0,64,ffe1c77719b2,quay.io/rhl193000/lmstack-router-loadaware:acf43d1,2,500,0,0.0,0.1746,0.1581,0.257,0.2836,0.413,0.04,0.1304,0.1522,3.5809,5.4919,5.8038,14.1967,908.5888,1.1258
20260806-000626-loadaware-b2.0,gen2-confirmatory,loadaware-b2.0,loadaware,,2.0,16.0,64,ffe1c77719b2,quay.io/rhl193000/lmstack-router-loadaware:acf43d1,3,498,2,0.004,0.2737,0.2057,0.3929,0.7083,1.7243,0.045,0.1755,0.2473,4.6757,8.3068,8.8618,14.4456,924.5172,1.1854
20260806-000626-loadaware-b2.0,gen2-confirmatory,loadaware-b2.0,loadaware,,2.0,16.0,64,ffe1c77719b2,quay.io/rhl193000/lmstack-router-loadaware:acf43d1,4,498,2,0.004,0.1684,0.1402,0.2493,0.3075,0.6621,0.0365,0.1153,0.1467,3.2179,5.3757,5.7321,13.5371,866.3729,1.3308
20260806-000626-loadaware-b2.0,gen2-confirmatory,loadaware-b2.0,loadaware,,2.0,16.0,64,ffe1c77719b2,quay.io/rhl193000/lmstack-router-loadaware:acf43d1,5,499,1,0.002,0.2295,0.1761,0.3759,0.5857,1.0776,0.0402,0.1552,0.1919,3.9463,6.6647,7.2419,14.3082,915.7271,1.0276
20260806-000626-loadaware-b2.0,gen2-confirmatory,loadaware-b2.0,loadaware,,2.0,16.0,64,ffe1c77719b2,quay.io/rhl193000/lmstack-router-loadaware:acf43d1,6,497,3,0.006,0.268,0.2014,0.4977,0.6663,1.3048,0.0413,0.1816,0.3515,4.4894,7.9485,9.075,13.76,880.6421,1.1878
20260806-000626-loadaware-b2.0,gen2-confirmatory,loadaware-b2.0,loadaware,,2.0,16.0,64,ffe1c77719b2,quay.io/rhl193000/lmstack-router-loadaware:acf43d1,7,500,0,0.0,0.1931,0.1659,0.2981,0.3435,0.7711,0.0411,0.1414,0.1758,3.7505,6.4315,7.0025,14.6196,935.6537,1.2147
20260806-000626-loadaware-b2.0,gen2-confirmatory,loadaware-b2.0,loadaware,,2.0,16.0,64,ffe1c77719b2,quay.io/rhl193000/lmstack-router-loadaware:acf43d1,8,497,3,0.006,0.2472,0.1655,0.5022,0.7796,1.1799,0.0399,0.1702,0.2505,4.1484,7.8299,9.4623,13.6357,872.6869,1.1329
20260806-000626-loadaware-b2.0,gen2-confirmatory,loadaware-b2.0,loadaware,,2.0,16.0,64,ffe1c77719b2,quay.io/rhl193000/lmstack-router-loadaware:acf43d1,9,500,0,0.0,0.2105,0.1758,0.3102,0.4871,0.8261,0.0431,0.1456,0.364,4.2604,8.2126,8.36,14.6225,935.8391,1.0743
20260806-000626-loadaware-b2.0,gen2-confirmatory,loadaware-b2.0,loadaware,,2.0,16.0,64,ffe1c77719b2,quay.io/rhl193000/lmstack-router-loadaware:acf43d1,10,496,4,0.008,0.1748,0.1644,0.2533,0.2889,0.3834,0.0402,0.1334,0.1626,3.6363,5.9537,6.193,14.3972,921.419,1.0733
20260806-000626-loadaware-b2.0,gen2-confirmatory,loadaware-b2.0,loadaware,,2.0,16.0,64,ffe1c77719b2,quay.io/rhl193000/lmstack-router-loadaware:acf43d1,11,497,3,0.006,0.1555,0.1473,0.2145,0.2468,0.3131,0.0378,0.1104,0.1342,3.1692,4.6366,4.9365,13.9444,892.4446,1.1736
20260806-000626-loadaware-b2.0,gen2-confirmatory,loadaware-b2.0,loadaware,,2.0,16.0,64,ffe1c77719b2,quay.io/rhl193000/lmstack-router-loadaware:acf43d1,12,500,0,0.0,0.2287,0.2147,0.3507,0.3918,0.5722,0.0484,0.1916,0.2405,5.0076,8.6592,9.5695,14.2669,913.0839,1.0524
20260806-000626-loadaware-b2.0,gen2-confirmatory,loadaware-b2.0,loadaware,,2.0,16.0,64,ffe1c77719b2,quay.io/rhl193000/lmstack-router-loadaware:acf43d1,13,495,5,0.01,0.201,0.1897,0.3194,0.3524,0.4578,0.0481,0.1721,0.2404,4.4593,7.5762,7.8917,14.892,953.0849,1.0229
20260806-000626-loadaware-b2.0,gen2-confirmatory,loadaware-b2.0,loadaware,,2.0,16.0,64,ffe1c77719b2,quay.io/rhl193000/lmstack-router-loadaware:acf43d1,14,499,1,0.002,0.1845,0.171,0.2766,0.3264,0.4323,0.0436,0.1645,0.2135,4.1628,7.4659,8.3623,14.1571,906.053,1.0779
20260806-000626-loadaware-b2.0,gen2-confirmatory,loadaware-b2.0,loadaware,,2.0,16.0,64,ffe1c77719b2,quay.io/rhl193000/lmstack-router-loadaware:acf43d1,15,495,5,0.01,0.1488,0.1369,0.2252,0.251,0.2933,0.0358,0.12,0.1456,3.076,5.3505,5.5931,12.9609,829.4952,1.0672
20260806-000626-loadaware-b2.0,gen2-confirmatory,loadaware-b2.0,loadaware,,2.0,16.0,64,ffe1c77719b2,quay.io/rhl193000/lmstack-router-loadaware:acf43d1,16,499,1,0.002,0.2074,0.189,0.298,0.3862,0.5162,0.0445,0.1515,0.1889,4.1444,6.5691,6.7912,15.0469,963.0045,1.2515
20260806-000626-loadaware-b2.0,gen2-confirmatory,loadaware-b2.0,loadaware,,2.0,16.0,64,ffe1c77719b2,quay.io/rhl193000/lmstack-router-loadaware:acf43d1,17,499,1,0.002,0.1803,0.169,0.2632,0.3016,0.4347,0.0416,0.1316,0.1593,3.7211,5.8427,6.1496,14.6634,938.4546,1.1491
20260806-000626-loadaware-b2.0,gen2-confirmatory,loadaware-b2.0,loadaware,,2.0,16.0,64,ffe1c77719b2,quay.io/rhl193000/lmstack-router-loadaware:acf43d1,18,500,0,0.0,0.1489,0.1398,0.216,0.2439,0.2944,0.0374,0.108,0.1395,3.0123,4.5084,4.9755,14.3007,915.2421,1.1
20260806-000626-loadaware-b2.0,gen2-confirmatory,loadaware-b2.0,loadaware,,2.0,16.0,64,ffe1c77719b2,quay.io/rhl193000/lmstack-router-loadaware:acf43d1,19,500,0,0.0,0.2106,0.2057,0.2953,0.329,0.4043,0.0475,0.1489,0.1936,4.4407,6.2315,6.7353,14.5994,934.3622,1.0985
20260806-000626-loadaware-b2.0,gen2-confirmatory,loadaware-b2.0,loadaware,,2.0,16.0,64,ffe1c77719b2,quay.io/rhl193000/lmstack-router-loadaware:acf43d1,20,500,0,0.0,0.1806,0.1717,0.2565,0.2932,0.4124,0.0414,0.1262,0.1626,3.5544,5.0053,5.1562,15.1146,967.332,1.0985
20260806-002645-loadaware-b0,gen2-confirmatory,loadaware-b0,loadaware,,0,16.0,64,ffe1c77719b2,quay.io/rhl193000/lmstack-router-loadaware:acf43d1,1,500,0,0.0,0.1296,0.1155,0.2042,0.2466,0.2746,0.0319,0.1091,0.141,2.7046,5.0181,5.1317,14.7957,946.9254,2.8594
20260806-002645-loadaware-b0,gen2-confirmatory,loadaware-b0,loadaware,,0,16.0,64,ffe1c77719b2,quay.io/rhl193000/lmstack-router-loadaware:acf43d1,2,500,0,0.0,0.2857,0.2245,0.5293,0.5686,0.6906,0.0663,0.2869,0.3311,7.3537,14.3968,15.288,13.5229,865.4668,5.1064
20260806-002645-loadaware-b0,gen2-confirmatory,loadaware-b0,loadaware,,0,16.0,64,ffe1c77719b2,quay.io/rhl193000/lmstack-router-loadaware:acf43d1,3,496,4,0.008,0.2698,0.2042,0.5396,0.6293,0.8218,0.0616,0.3423,0.3816,6.9352,15.1588,15.5799,13.5956,870.1195,4.5821
20260806-002645-loadaware-b0,gen2-confirmatory,loadaware-b0,loadaware,,0,16.0,64,ffe1c77719b2,quay.io/rhl193000/lmstack-router-loadaware:acf43d1,4,498,2,0.004,0.1435,0.1383,0.1981,0.2136,0.2418,0.0356,0.0937,0.1275,2.9738,3.9154,4.364,13.5853,869.4598,2.7526
20260806-002645-loadaware-b0,gen2-confirmatory,loadaware-b0,loadaware,,0,16.0,64,ffe1c77719b2,quay.io/rhl193000/lmstack-router-loadaware:acf43d1,5,500,0,0.0,0.2087,0.1606,0.3908,0.4446,0.5587,0.0438,0.2049,0.2602,4.5692,9.1875,9.6613,14.0286,897.8285,2.6795
20260806-002645-loadaware-b0,gen2-confirmatory,loadaware-b0,loadaware,,0,16.0,64,ffe1c77719b2,quay.io/rhl193000/lmstack-router-loadaware:acf43d1,6,499,1,0.002,0.1872,0.1744,0.2808,0.3063,0.351,0.0413,0.1505,0.1697,4.1309,6.3919,6.5181,13.9321,891.6523,2.6344
20260806-002645-loadaware-b0,gen2-confirmatory,loadaware-b0,loadaware,,0,16.0,64,ffe1c77719b2,quay.io/rhl193000/lmstack-router-loadaware:acf43d1,7,499,1,0.002,0.2312,0.2084,0.3903,0.4391,0.503,0.0552,0.2127,0.2725,5.3733,9.9595,10.6864,14.7113,941.524,3.975
20260806-002645-loadaware-b0,gen2-confirmatory,loadaware-b0,loadaware,,0,16.0,64,ffe1c77719b2,quay.io/rhl193000/lmstack-router-loadaware:acf43d1,8,496,4,0.008,0.173,0.1626,0.2597,0.2859,0.3668,0.0403,0.1336,0.1637,3.7883,5.7059,5.9404,13.6619,874.3598,2.5556
20260806-002645-loadaware-b0,gen2-confirmatory,loadaware-b0,loadaware,,0,16.0,64,ffe1c77719b2,quay.io/rhl193000/lmstack-router-loadaware:acf43d1,9,500,0,0.0,0.2916,0.2953,0.4849,0.5103,0.5736,0.0668,0.2591,0.2959,7.3997,13.7952,13.9646,13.9628,893.6171,3.8015
20260806-002645-loadaware-b0,gen2-confirmatory,loadaware-b0,loadaware,,0,16.0,64,ffe1c77719b2,quay.io/rhl193000/lmstack-router-loadaware:acf43d1,10,490,10,0.02,0.1769,0.1578,0.2812,0.3355,0.3982,0.0427,0.1695,0.1961,3.9841,8.0267,8.1806,14.2263,910.4838,1.7767
20260806-002645-loadaware-b0,gen2-confirmatory,loadaware-b0,loadaware,,0,16.0,64,ffe1c77719b2,quay.io/rhl193000/lmstack-router-loadaware:acf43d1,11,496,4,0.008,0.1416,0.1342,0.1953,0.2148,0.2441,0.0361,0.0924,0.1162,2.9228,3.8608,4.1601,13.6847,875.8219,1.6222
20260806-002645-loadaware-b0,gen2-confirmatory,loadaware-b0,loadaware,,0,16.0,64,ffe1c77719b2,quay.io/rhl193000/lmstack-router-loadaware:acf43d1,12,499,1,0.002,0.2472,0.2244,0.4118,0.4559,0.5025,0.0587,0.2197,0.2513,6.1453,10.9209,11.4888,14.4053,921.9371,3.5269
20260806-002645-loadaware-b0,gen2-confirmatory,loadaware-b0,loadaware,,0,16.0,64,ffe1c77719b2,quay.io/rhl193000/lmstack-router-loadaware:acf43d1,13,495,5,0.01,0.1892,0.1705,0.2969,0.3392,0.4209,0.0452,0.1701,0.2088,4.2719,7.9541,8.515,14.7719,945.402,1.8627
20260806-002645-loadaware-b0,gen2-confirmatory,loadaware-b0,loadaware,,0,16.0,64,ffe1c77719b2,quay.io/rhl193000/lmstack-router-loadaware:acf43d1,14,497,3,0.006,0.1669,0.1587,0.2417,0.2649,0.3078,0.039,0.1261,0.1516,3.7496,5.4447,5.6803,14.1896,908.1367,2.6437
20260806-002645-loadaware-b0,gen2-confirmatory,loadaware-b0,loadaware,,0,16.0,64,ffe1c77719b2,quay.io/rhl193000/lmstack-router-loadaware:acf43d1,15,496,4,0.008,0.1717,0.149,0.2792,0.3148,0.4309,0.039,0.1395,0.186,3.5052,6.3782,6.7958,13.062,835.9684,1.6563
20260806-002645-loadaware-b0,gen2-confirmatory,loadaware-b0,loadaware,,0,16.0,64,ffe1c77719b2,quay.io/rhl193000/lmstack-router-loadaware:acf43d1,16,500,0,0.0,0.1707,0.1666,0.2385,0.2564,0.2893,0.0411,0.1187,0.1383,3.6173,4.7424,5.0145,15.1447,969.2625,1.44
20260806-002645-loadaware-b0,gen2-confirmatory,loadaware-b0,loadaware,,0,16.0,64,ffe1c77719b2,quay.io/rhl193000/lmstack-router-loadaware:acf43d1,17,499,1,0.002,0.2103,0.1704,0.3751,0.4627,0.5438,0.0479,0.2222,0.2641,4.8244,9.8011,10.5231,14.3692,919.6275,3.299
20260806-002645-loadaware-b0,gen2-confirmatory,loadaware-b0,loadaware,,0,16.0,64,ffe1c77719b2,quay.io/rhl193000/lmstack-router-loadaware:acf43d1,18,499,1,0.002,0.1809,0.1707,0.25,0.2838,0.4908,0.0406,0.1228,0.164,3.7443,5.0124,5.6332,13.9992,895.9476,2.5128
20260806-002645-loadaware-b0,gen2-confirmatory,loadaware-b0,loadaware,,0,16.0,64,ffe1c77719b2,quay.io/rhl193000/lmstack-router-loadaware:acf43d1,19,498,2,0.004,0.18,0.1676,0.2667,0.2912,0.3218,0.0407,0.1353,0.153,3.857,5.6435,5.7214,14.8783,952.2083,2.4519
20260806-002645-loadaware-b0,gen2-confirmatory,loadaware-b0,loadaware,,0,16.0,64,ffe1c77719b2,quay.io/rhl193000/lmstack-router-loadaware:acf43d1,20,497,3,0.006,0.3342,0.2818,0.6257,0.7063,0.7721,0.0874,0.37,0.3985,8.9133,17.6888,18.2296,13.9516,892.9013,5.3879
20260806-144135-roundrobin,gen2-confirmatory,roundrobin,roundrobin,,,16.0,64,06781490b7fe,lmcache/lmstack-router:0.1.9.dev9-g37bafbcf5.d20260107,1,500,0,0.0,3.6072,1.9885,10.5951,12.2412,13.5529,0.1061,0.822,1.1476,20.8844,31.5783,32.3682,10.4772,670.543,1.067
20260806-144135-roundrobin,gen2-confirmatory,roundrobin,roundrobin,,,16.0,64,06781490b7fe,lmcache/lmstack-router:0.1.9.dev9-g37bafbcf5.d20260107,2,499,1,0.002,1.4488,0.759,3.77,5.4445,8.2361,0.1159,0.878,0.9411,17.3904,26.6197,27.2675,11.0784,709.0164,1.2731
20260806-144135-roundrobin,gen2-confirmatory,roundrobin,roundrobin,,,16.0,64,06781490b7fe,lmcache/lmstack-router:0.1.9.dev9-g37bafbcf5.d20260107,3,500,0,0.0,4.6398,4.194,10.7806,11.3185,11.9289,0.0754,0.8373,0.893,18.7463,26.3155,26.761,10.7823,690.0663,1.7953
20260806-144135-roundrobin,gen2-confirmatory,roundrobin,roundrobin,,,16.0,64,06781490b7fe,lmcache/lmstack-router:0.1.9.dev9-g37bafbcf5.d20260107,4,500,0,0.0,3.0351,1.1609,10.0043,11.7658,13.9278,0.1086,0.9778,1.0807,21.2424,31.2426,32.6465,9.7123,621.5849,1.2919
20260806-144135-roundrobin,gen2-confirmatory,roundrobin,roundrobin,,,16.0,64,06781490b7fe,lmcache/lmstack-router:0.1.9.dev9-g37bafbcf5.d20260107,5,499,1,0.002,2.4738,0.8783,8.2849,10.4202,12.1153,0.0944,0.8246,1.0695,17.2877,25.7172,26.5063,10.3839,664.5709,1.8164
20260806-144135-roundrobin,gen2-confirmatory,roundrobin,roundrobin,,,16.0,64,06781490b7fe,lmcache/lmstack-router:0.1.9.dev9-g37bafbcf5.d20260107,6,499,1,0.002,3.559,1.5742,11.3295,13.3477,15.2577,0.1063,1.0228,1.1169,21.7796,31.4491,31.978,9.4817,606.8299,1.4242
20260806-144135-roundrobin,gen2-confirmatory,roundrobin,roundrobin,,,16.0,64,06781490b7fe,lmcache/lmstack-router:0.1.9.dev9-g37bafbcf5.d20260107,7,500,0,0.0,4.1729,2.7546,14.1951,15.0515,15.906,0.1026,0.8493,0.8921,20.9962,28.3743,29.0982,10.4091,666.1805,1.3732
20260806-144135-roundrobin,gen2-confirmatory,roundrobin,roundrobin,,,16.0,64,06781490b7fe,lmcache/lmstack-router:0.1.9.dev9-g37bafbcf5.d20260107,8,499,1,0.002,2.3547,0.9622,8.9605,10.778,12.0217,0.0844,0.8729,0.9693,16.6733,28.5728,29.2637,10.1356,648.6789,3.0221
20260806-144135-roundrobin,gen2-confirmatory,roundrobin,roundrobin,,,16.0,64,06781490b7fe,lmcache/lmstack-router:0.1.9.dev9-g37bafbcf5.d20260107,9,499,1,0.002,3.0303,1.1444,8.8904,14.976,17.6274,0.1161,0.9431,1.1872,20.6611,33.0047,33.987,9.5022,608.1414,1.9321
20260806-144135-roundrobin,gen2-confirmatory,roundrobin,roundrobin,,,16.0,64,06781490b7fe,lmcache/lmstack-router:0.1.9.dev9-g37bafbcf5.d20260107,10,500,0,0.0,2.7069,1.14,9.9532,10.8029,11.597,0.1186,0.897,0.9601,18.8259,26.7245,27.0647,10.4094,666.2006,1.248
20260806-144135-roundrobin,gen2-confirmatory,roundrobin,roundrobin,,,16.0,64,06781490b7fe,lmcache/lmstack-router:0.1.9.dev9-g37bafbcf5.d20260107,11,500,0,0.0,2.2326,0.9164,6.9389,12.5726,14.5774,0.1168,0.9539,0.9907,19.7585,30.999,31.9709,9.7935,626.7871,1.5852
20260806-144135-roundrobin,gen2-confirmatory,roundrobin,roundrobin,,,16.0,64,06781490b7fe,lmcache/lmstack-router:0.1.9.dev9-g37bafbcf5.d20260107,12,499,1,0.002,4.1695,2.1635,9.2959,12.6979,13.4215,0.1092,0.9117,0.9669,21.884,28.0718,28.8735,10.2472,655.8177,1.3342
20260806-144135-roundrobin,gen2-confirmatory,roundrobin,roundrobin,,,16.0,64,06781490b7fe,lmcache/lmstack-router:0.1.9.dev9-g37bafbcf5.d20260107,13,500,0,0.0,3.1419,0.7392,10.5739,10.958,11.4867,0.106,0.851,0.9415,17.011,28.3177,28.6808,10.7382,687.2476,1.9175
20260806-144135-roundrobin,gen2-confirmatory,roundrobin,roundrobin,,,16.0,64,06781490b7fe,lmcache/lmstack-router:0.1.9.dev9-g37bafbcf5.d20260107,14,499,1,0.002,2.629,1.1077,8.814,9.2928,10.1004,0.1134,0.9237,0.9896,18.0,28.0224,29.1732,10.7585,688.5434,1.7331
20260806-144135-roundrobin,gen2-confirmatory,roundrobin,roundrobin,,,16.0,64,06781490b7fe,lmcache/lmstack-router:0.1.9.dev9-g37bafbcf5.d20260107,15,500,0,0.0,1.9849,0.6982,7.2597,8.8345,13.669,0.0973,0.9424,1.265,16.3977,29.5213,29.8607,9.4479,604.6665,3.3646
20260806-144135-roundrobin,gen2-confirmatory,roundrobin,roundrobin,,,16.0,64,06781490b7fe,lmcache/lmstack-router:0.1.9.dev9-g37bafbcf5.d20260107,16,500,0,0.0,2.8837,1.2717,8.7277,9.5268,10.4055,0.0964,0.9244,1.0156,17.7213,27.8277,28.4173,11.28,721.9171,1.4765
20260806-144135-roundrobin,gen2-confirmatory,roundrobin,roundrobin,,,16.0,64,06781490b7fe,lmcache/lmstack-router:0.1.9.dev9-g37bafbcf5.d20260107,17,500,0,0.0,2.5199,0.9899,9.4511,12.3731,13.3087,0.1016,0.9702,1.0414,17.2555,25.939,27.6096,10.4595,669.4076,1.3553
20260806-144135-roundrobin,gen2-confirmatory,roundrobin,roundrobin,,,16.0,64,06781490b7fe,lmcache/lmstack-router:0.1.9.dev9-g37bafbcf5.d20260107,18,500,0,0.0,2.7768,1.4255,8.5393,9.2794,9.7251,0.1151,0.9038,1.1162,19.4629,28.3813,28.824,10.8527,694.5753,1.5044
20260806-144135-roundrobin,gen2-confirmatory,roundrobin,roundrobin,,,16.0,64,06781490b7fe,lmcache/lmstack-router:0.1.9.dev9-g37bafbcf5.d20260107,19,499,1,0.002,3.0315,1.3377,10.4516,11.0509,11.8598,0.1076,0.9046,1.2033,19.5084,29.4376,30.0279,10.2953,658.9008,1.4413
20260806-144135-roundrobin,gen2-confirmatory,roundrobin,roundrobin,,,16.0,64,06781490b7fe,lmcache/lmstack-router:0.1.9.dev9-g37bafbcf5.d20260107,20,500,0,0.0,2.5496,1.1404,9.2235,10.4874,14.3666,0.1239,1.0152,1.0781,19.0933,30.2867,30.878,9.9787,638.6399,1.6073
